company_type,role,industry,email
Fintech,Product Manager,Finance,"Subject: Exploring Synergies: experienced Software Engineer Expertise for Fintech in Finance

Dear Ashley,

I hope this email finds you well. My name is [Your Name], and I am a experienced Software Engineer with a deep-seated passion for innovation within the Finance sector. I've been closely following Fintech's remarkable advancements, particularly your recent work on [Specific Company Achievement/Project], which I found truly inspiring.

My background includes extensive experience in [Key Area of Expertise 1] and [Key Area of Expertise 2], where I've consistently delivered [Quantifiable Result 1] and [Quantifiable Result 2]. For instance, in my previous role at [Previous Company], I led a project that [Brief Project Description] resulting in a [Significant Impact, e.g., 25% increase in efficiency]. I believe this experience could be highly relevant to your team's objectives, especially as you continue to [Company's Current Goal/Challenge].

I am particularly interested in the Product Manager position at Fintech because [Reason for Interest in Role/Company]. I am confident that my skills in [Relevant Skill 1] and [Relevant Skill 2], coupled with my proactive approach to problem-solving, would enable me to make immediate and meaningful contributions.

I would be grateful for the opportunity to discuss how my capabilities align with your strategic vision and contribute to your continued success. Would you be open to a brief virtual coffee chat sometime next week to explore potential synergies?

Thank you for your time and consideration.

Sincerely,
[Your Name]
[Your Title]
[Your LinkedIn Profile (Optional)]
[Your Website/Portfolio (Optional)]"
Enterprise,Sales Representative,Biotechnology,"Subject: Innovative Solutions from a efficient Operations Manager for Enterprise in Biotechnology

Dear Ashley,

My name is [Your Name], and I am a efficient Operations Manager specializing in developing innovative solutions within the dynamic Biotechnology sector. I've been following Enterprise's trajectory with great interest, especially your recent success with [Specific Market Expansion/Product Launch].

My professional journey has provided me with a comprehensive skill set in [Technical Skill/Soft Skill 1] and [Technical Skill/Soft Skill 2]. I've had the privilege of working on projects that required [Specific Project Requirement], where I successfully [Action Taken] leading to [Positive Outcome]. This experience has instilled in me a strong capability for [Problem-Solving Approach] and [Strategic Thinking Trait].

I am particularly drawn to the Sales Representative at Enterprise because of [Specific Aspect of Role/Company Culture]. I am confident that my ability to [Unique Selling Proposition] combined with my dedication to [Professional Value] would make me an invaluable asset to your team.

I am keen to explore how my expertise can support Enterprise's continued growth and innovation. Would you be open to a brief discussion to delve deeper into how my background aligns with your needs?

Thank you for your consideration.

Sincerely,
[Your Name]
[Your Professional Affiliation (if any)]"
Non-profit,UI/UX Designer,Technology,"Subject: Exploring Synergies: experienced Software Engineer Expertise for Non-profit in Technology

Dear John,

I hope this email finds you well. My name is [Your Name], and I am a experienced Software Engineer with a deep-seated passion for innovation within the Technology sector. I've been closely following Non-profit's remarkable advancements, particularly your recent work on [Specific Company Achievement/Project], which I found truly inspiring.

My background includes extensive experience in [Key Area of Expertise 1] and [Key Area of Expertise 2], where I've consistently delivered [Quantifiable Result 1] and [Quantifiable Result 2]. For instance, in my previous role at [Previous Company], I led a project that [Brief Project Description] resulting in a [Significant Impact, e.g., 25% increase in efficiency]. I believe this experience could be highly relevant to your team's objectives, especially as you continue to [Company's Current Goal/Challenge].

I am particularly interested in the UI/UX Designer position at Non-profit because [Reason for Interest in Role/Company]. I am confident that my skills in [Relevant Skill 1] and [Relevant Skill 2], coupled with my proactive approach to problem-solving, would enable me to make immediate and meaningful contributions.

I would be grateful for the opportunity to discuss how my capabilities align with your strategic vision and contribute to your continued success. Would you be open to a brief virtual coffee chat sometime next week to explore potential synergies?

Thank you for your time and consideration.

Sincerely,
[Your Name]
[Your Title]
[Your LinkedIn Profile (Optional)]
[Your Website/Portfolio (Optional)]"
Enterprise,Software Engineer,Retail,"Subject: Innovative Solutions from a results-driven Marketing Specialist for Enterprise in Retail

Dear David,

My name is [Your Name], and I am a results-driven Marketing Specialist specializing in developing innovative solutions within the dynamic Retail sector. I've been following Enterprise's trajectory with great interest, especially your recent success with [Specific Market Expansion/Product Launch].

My professional journey has provided me with a comprehensive skill set in [Technical Skill/Soft Skill 1] and [Technical Skill/Soft Skill 2]. I've had the privilege of working on projects that required [Specific Project Requirement], where I successfully [Action Taken] leading to [Positive Outcome]. This experience has instilled in me a strong capability for [Problem-Solving Approach] and [Strategic Thinking Trait].

I am particularly drawn to the Software Engineer at Enterprise because of [Specific Aspect of Role/Company Culture]. I am confident that my ability to [Unique Selling Proposition] combined with my dedication to [Professional Value] would make me an invaluable asset to your team.

I am keen to explore how my expertise can support Enterprise's continued growth and innovation. Would you be open to a brief discussion to delve deeper into how my background aligns with your needs?

Thank you for your consideration.

Sincerely,
[Your Name]
[Your Professional Affiliation (if any)]"
Enterprise,Software Engineer,Telecommunications,"Subject: A dynamic Business Development Manager's Perspective on Enterprise's Telecommunications Leadership

Hello Emily,

I'm writing to you today as a dynamic Business Development Manager who deeply admires Enterprise's pioneering spirit in the Telecommunications landscape. Your commitment to [Company Value/Mission] truly resonates with my professional ethos, and I've been particularly impressed by [Specific Company Initiative/Product].

Throughout my career, I've honed my expertise in [Core Competency 1] and [Core Competency 2], consistently striving to [Professional Goal/Impact]. A notable achievement includes [Detailed Achievement Example], where I was responsible for [Specific Actions Taken] and achieved [Measurable Outcome]. This experience has equipped me with a robust understanding of [Relevant Industry Trend/Challenge] and how to navigate it effectively.

I envision myself contributing significantly to your team, particularly in the Software Engineer capacity, by leveraging my abilities in [Skill Set 1] and [Skill Set 2] to [Desired Contribution]. I am eager to apply my strategic thinking and hands-on experience to help Enterprise further solidify its position as a leader in the Telecommunications market.

I understand your time is valuable, but I believe a brief conversation could highlight how my unique skill set can add tangible value to your ongoing projects. Please let me know if you have any availability in the coming days.

Best regards,
[Your Name]
[Your Contact Information]"
Consulting,Business Development Manager,AI,"Subject: Exploring Synergies: dedicated HR Manager Expertise for Consulting in AI

Dear Sarah,

I hope this email finds you well. My name is [Your Name], and I am a dedicated HR Manager with a deep-seated passion for innovation within the AI sector. I've been closely following Consulting's remarkable advancements, particularly your recent work on [Specific Company Achievement/Project], which I found truly inspiring.

My background includes extensive experience in [Key Area of Expertise 1] and [Key Area of Expertise 2], where I've consistently delivered [Quantifiable Result 1] and [Quantifiable Result 2]. For instance, in my previous role at [Previous Company], I led a project that [Brief Project Description] resulting in a [Significant Impact, e.g., 25% increase in efficiency]. I believe this experience could be highly relevant to your team's objectives, especially as you continue to [Company's Current Goal/Challenge].

I am particularly interested in the Business Development Manager position at Consulting because [Reason for Interest in Role/Company]. I am confident that my skills in [Relevant Skill 1] and [Relevant Skill 2], coupled with my proactive approach to problem-solving, would enable me to make immediate and meaningful contributions.

I would be grateful for the opportunity to discuss how my capabilities align with your strategic vision and contribute to your continued success. Would you be open to a brief virtual coffee chat sometime next week to explore potential synergies?

Thank you for your time and consideration.

Sincerely,
[Your Name]
[Your Title]
[Your LinkedIn Profile (Optional)]
[Your Website/Portfolio (Optional)]"
E-commerce,Marketing Specialist,Technology,"Subject: A innovative Data Scientist's Perspective on E-commerce's Technology Leadership

Hello John,

I'm writing to you today as a innovative Data Scientist who deeply admires E-commerce's pioneering spirit in the Technology landscape. Your commitment to [Company Value/Mission] truly resonates with my professional ethos, and I've been particularly impressed by [Specific Company Initiative/Product].

Throughout my career, I've honed my expertise in [Core Competency 1] and [Core Competency 2], consistently striving to [Professional Goal/Impact]. A notable achievement includes [Detailed Achievement Example], where I was responsible for [Specific Actions Taken] and achieved [Measurable Outcome]. This experience has equipped me with a robust understanding of [Relevant Industry Trend/Challenge] and how to navigate it effectively.

I envision myself contributing significantly to your team, particularly in the Marketing Specialist capacity, by leveraging my abilities in [Skill Set 1] and [Skill Set 2] to [Desired Contribution]. I am eager to apply my strategic thinking and hands-on experience to help E-commerce further solidify its position as a leader in the Technology market.

I understand your time is valuable, but I believe a brief conversation could highlight how my unique skill set can add tangible value to your ongoing projects. Please let me know if you have any availability in the coming days.

Best regards,
[Your Name]
[Your Contact Information]"
E-commerce,UI/UX Designer,Biotechnology,"Subject: Innovative Solutions from a efficient Operations Manager for E-commerce in Biotechnology

Dear Matthew,

My name is [Your Name], and I am a efficient Operations Manager specializing in developing innovative solutions within the dynamic Biotechnology sector. I've been following E-commerce's trajectory with great interest, especially your recent success with [Specific Market Expansion/Product Launch].

My professional journey has provided me with a comprehensive skill set in [Technical Skill/Soft Skill 1] and [Technical Skill/Soft Skill 2]. I've had the privilege of working on projects that required [Specific Project Requirement], where I successfully [Action Taken] leading to [Positive Outcome]. This experience has instilled in me a strong capability for [Problem-Solving Approach] and [Strategic Thinking Trait].

I am particularly drawn to the UI/UX Designer at E-commerce because of [Specific Aspect of Role/Company Culture]. I am confident that my ability to [Unique Selling Proposition] combined with my dedication to [Professional Value] would make me an invaluable asset to your team.

I am keen to explore how my expertise can support E-commerce's continued growth and innovation. Would you be open to a brief discussion to delve deeper into how my background aligns with your needs?

Thank you for your consideration.

Sincerely,
[Your Name]
[Your Professional Affiliation (if any)]"
Enterprise,Product Manager,Technology,"Subject: Innovative Solutions from a innovative Data Scientist for Enterprise in Technology

Dear Matthew,

My name is [Your Name], and I am a innovative Data Scientist specializing in developing innovative solutions within the dynamic Technology sector. I've been following Enterprise's trajectory with great interest, especially your recent success with [Specific Market Expansion/Product Launch].

My professional journey has provided me with a comprehensive skill set in [Technical Skill/Soft Skill 1] and [Technical Skill/Soft Skill 2]. I've had the privilege of working on projects that required [Specific Project Requirement], where I successfully [Action Taken] leading to [Positive Outcome]. This experience has instilled in me a strong capability for [Problem-Solving Approach] and [Strategic Thinking Trait].

I am particularly drawn to the Product Manager at Enterprise because of [Specific Aspect of Role/Company Culture]. I am confident that my ability to [Unique Selling Proposition] combined with my dedication to [Professional Value] would make me an invaluable asset to your team.

I am keen to explore how my expertise can support Enterprise's continued growth and innovation. Would you be open to a brief discussion to delve deeper into how my background aligns with your needs?

Thank you for your consideration.

Sincerely,
[Your Name]
[Your Professional Affiliation (if any)]"
Education,Product Manager,Automotive,"Subject: Exploring Synergies: results-driven Marketing Specialist Expertise for Education in Automotive

Dear Matthew,

I hope this email finds you well. My name is [Your Name], and I am a results-driven Marketing Specialist with a deep-seated passion for innovation within the Automotive sector. I've been closely following Education's remarkable advancements, particularly your recent work on [Specific Company Achievement/Project], which I found truly inspiring.

My background includes extensive experience in [Key Area of Expertise 1] and [Key Area of Expertise 2], where I've consistently delivered [Quantifiable Result 1] and [Quantifiable Result 2]. For instance, in my previous role at [Previous Company], I led a project that [Brief Project Description] resulting in a [Significant Impact, e.g., 25% increase in efficiency]. I believe this experience could be highly relevant to your team's objectives, especially as you continue to [Company's Current Goal/Challenge].

I am particularly interested in the Product Manager position at Education because [Reason for Interest in Role/Company]. I am confident that my skills in [Relevant Skill 1] and [Relevant Skill 2], coupled with my proactive approach to problem-solving, would enable me to make immediate and meaningful contributions.

I would be grateful for the opportunity to discuss how my capabilities align with your strategic vision and contribute to your continued success. Would you be open to a brief virtual coffee chat sometime next week to explore potential synergies?

Thank you for your time and consideration.

Sincerely,
[Your Name]
[Your Title]
[Your LinkedIn Profile (Optional)]
[Your Website/Portfolio (Optional)]"
Consulting,Operations Manager,AI,"Subject: Innovative Solutions from a strategic Product Manager for Consulting in AI

Dear Ashley,

My name is [Your Name], and I am a strategic Product Manager specializing in developing innovative solutions within the dynamic AI sector. I've been following Consulting's trajectory with great interest, especially your recent success with [Specific Market Expansion/Product Launch].

My professional journey has provided me with a comprehensive skill set in [Technical Skill/Soft Skill 1] and [Technical Skill/Soft Skill 2]. I've had the privilege of working on projects that required [Specific Project Requirement], where I successfully [Action Taken] leading to [Positive Outcome]. This experience has instilled in me a strong capability for [Problem-Solving Approach] and [Strategic Thinking Trait].

I am particularly drawn to the Operations Manager at Consulting because of [Specific Aspect of Role/Company Culture]. I am confident that my ability to [Unique Selling Proposition] combined with my dedication to [Professional Value] would make me an invaluable asset to your team.

I am keen to explore how my expertise can support Consulting's continued growth and innovation. Would you be open to a brief discussion to delve deeper into how my background aligns with your needs?

Thank you for your consideration.

Sincerely,
[Your Name]
[Your Professional Affiliation (if any)]"
Healthcare,Software Engineer,Telecommunications,"Subject: A insightful Financial Analyst's Perspective on Healthcare's Telecommunications Leadership

Hello John,

I'm writing to you today as a insightful Financial Analyst who deeply admires Healthcare's pioneering spirit in the Telecommunications landscape. Your commitment to [Company Value/Mission] truly resonates with my professional ethos, and I've been particularly impressed by [Specific Company Initiative/Product].

Throughout my career, I've honed my expertise in [Core Competency 1] and [Core Competency 2], consistently striving to [Professional Goal/Impact]. A notable achievement includes [Detailed Achievement Example], where I was responsible for [Specific Actions Taken] and achieved [Measurable Outcome]. This experience has equipped me with a robust understanding of [Relevant Industry Trend/Challenge] and how to navigate it effectively.

I envision myself contributing significantly to your team, particularly in the Software Engineer capacity, by leveraging my abilities in [Skill Set 1] and [Skill Set 2] to [Desired Contribution]. I am eager to apply my strategic thinking and hands-on experience to help Healthcare further solidify its position as a leader in the Telecommunications market.

I understand your time is valuable, but I believe a brief conversation could highlight how my unique skill set can add tangible value to your ongoing projects. Please let me know if you have any availability in the coming days.

Best regards,
[Your Name]
[Your Contact Information]"
SaaS,Operations Manager,AI,"Subject: A strategic Product Manager's Perspective on SaaS's AI Leadership

Hello Sarah,

I'm writing to you today as a strategic Product Manager who deeply admires SaaS's pioneering spirit in the AI landscape. Your commitment to [Company Value/Mission] truly resonates with my professional ethos, and I've been particularly impressed by [Specific Company Initiative/Product].

Throughout my career, I've honed my expertise in [Core Competency 1] and [Core Competency 2], consistently striving to [Professional Goal/Impact]. A notable achievement includes [Detailed Achievement Example], where I was responsible for [Specific Actions Taken] and achieved [Measurable Outcome]. This experience has equipped me with a robust understanding of [Relevant Industry Trend/Challenge] and how to navigate it effectively.

I envision myself contributing significantly to your team, particularly in the Operations Manager capacity, by leveraging my abilities in [Skill Set 1] and [Skill Set 2] to [Desired Contribution]. I am eager to apply my strategic thinking and hands-on experience to help SaaS further solidify its position as a leader in the AI market.

I understand your time is valuable, but I believe a brief conversation could highlight how my unique skill set can add tangible value to your ongoing projects. Please let me know if you have any availability in the coming days.

Best regards,
[Your Name]
[Your Contact Information]"
Government,Operations Manager,Biotechnology,"Subject: Innovative Solutions from a results-driven Marketing Specialist for Government in Biotechnology

Dear Matthew,

My name is [Your Name], and I am a results-driven Marketing Specialist specializing in developing innovative solutions within the dynamic Biotechnology sector. I've been following Government's trajectory with great interest, especially your recent success with [Specific Market Expansion/Product Launch].

My professional journey has provided me with a comprehensive skill set in [Technical Skill/Soft Skill 1] and [Technical Skill/Soft Skill 2]. I've had the privilege of working on projects that required [Specific Project Requirement], where I successfully [Action Taken] leading to [Positive Outcome]. This experience has instilled in me a strong capability for [Problem-Solving Approach] and [Strategic Thinking Trait].

I am particularly drawn to the Operations Manager at Government because of [Specific Aspect of Role/Company Culture]. I am confident that my ability to [Unique Selling Proposition] combined with my dedication to [Professional Value] would make me an invaluable asset to your team.

I am keen to explore how my expertise can support Government's continued growth and innovation. Would you be open to a brief discussion to delve deeper into how my background aligns with your needs?

Thank you for your consideration.

Sincerely,
[Your Name]
[Your Professional Affiliation (if any)]"
Startup,HR Manager,Manufacturing,"Subject: A experienced Software Engineer's Perspective on Startup's Manufacturing Leadership

Hello Jane,

I'm writing to you today as a experienced Software Engineer who deeply admires Startup's pioneering spirit in the Manufacturing landscape. Your commitment to [Company Value/Mission] truly resonates with my professional ethos, and I've been particularly impressed by [Specific Company Initiative/Product].

Throughout my career, I've honed my expertise in [Core Competency 1] and [Core Competency 2], consistently striving to [Professional Goal/Impact]. A notable achievement includes [Detailed Achievement Example], where I was responsible for [Specific Actions Taken] and achieved [Measurable Outcome]. This experience has equipped me with a robust understanding of [Relevant Industry Trend/Challenge] and how to navigate it effectively.

I envision myself contributing significantly to your team, particularly in the HR Manager capacity, by leveraging my abilities in [Skill Set 1] and [Skill Set 2] to [Desired Contribution]. I am eager to apply my strategic thinking and hands-on experience to help Startup further solidify its position as a leader in the Manufacturing market.

I understand your time is valuable, but I believe a brief conversation could highlight how my unique skill set can add tangible value to your ongoing projects. Please let me know if you have any availability in the coming days.

Best regards,
[Your Name]
[Your Contact Information]"
Education,Product Manager,Education,"Subject: Exploring Synergies: experienced Software Engineer Expertise for Education in Education

Dear Emily,

I hope this email finds you well. My name is [Your Name], and I am a experienced Software Engineer with a deep-seated passion for innovation within the Education sector. I've been closely following Education's remarkable advancements, particularly your recent work on [Specific Company Achievement/Project], which I found truly inspiring.

My background includes extensive experience in [Key Area of Expertise 1] and [Key Area of Expertise 2], where I've consistently delivered [Quantifiable Result 1] and [Quantifiable Result 2]. For instance, in my previous role at [Previous Company], I led a project that [Brief Project Description] resulting in a [Significant Impact, e.g., 25% increase in efficiency]. I believe this experience could be highly relevant to your team's objectives, especially as you continue to [Company's Current Goal/Challenge].

I am particularly interested in the Product Manager position at Education because [Reason for Interest in Role/Company]. I am confident that my skills in [Relevant Skill 1] and [Relevant Skill 2], coupled with my proactive approach to problem-solving, would enable me to make immediate and meaningful contributions.

I would be grateful for the opportunity to discuss how my capabilities align with your strategic vision and contribute to your continued success. Would you be open to a brief virtual coffee chat sometime next week to explore potential synergies?

Thank you for your time and consideration.

Sincerely,
[Your Name]
[Your Title]
[Your LinkedIn Profile (Optional)]
[Your Website/Portfolio (Optional)]"
Fintech,UI/UX Designer,Automotive,"Subject: Innovative Solutions from a proactive Sales Representative for Fintech in Automotive

Dear Sarah,

My name is [Your Name], and I am a proactive Sales Representative specializing in developing innovative solutions within the dynamic Automotive sector. I've been following Fintech's trajectory with great interest, especially your recent success with [Specific Market Expansion/Product Launch].

My professional journey has provided me with a comprehensive skill set in [Technical Skill/Soft Skill 1] and [Technical Skill/Soft Skill 2]. I've had the privilege of working on projects that required [Specific Project Requirement], where I successfully [Action Taken] leading to [Positive Outcome]. This experience has instilled in me a strong capability for [Problem-Solving Approach] and [Strategic Thinking Trait].

I am particularly drawn to the UI/UX Designer at Fintech because of [Specific Aspect of Role/Company Culture]. I am confident that my ability to [Unique Selling Proposition] combined with my dedication to [Professional Value] would make me an invaluable asset to your team.

I am keen to explore how my expertise can support Fintech's continued growth and innovation. Would you be open to a brief discussion to delve deeper into how my background aligns with your needs?

Thank you for your consideration.

Sincerely,
[Your Name]
[Your Professional Affiliation (if any)]"
Education,Business Development Manager,Telecommunications,"Subject: A dedicated HR Manager's Perspective on Education's Telecommunications Leadership

Hello Emily,

I'm writing to you today as a dedicated HR Manager who deeply admires Education's pioneering spirit in the Telecommunications landscape. Your commitment to [Company Value/Mission] truly resonates with my professional ethos, and I've been particularly impressed by [Specific Company Initiative/Product].

Throughout my career, I've honed my expertise in [Core Competency 1] and [Core Competency 2], consistently striving to [Professional Goal/Impact]. A notable achievement includes [Detailed Achievement Example], where I was responsible for [Specific Actions Taken] and achieved [Measurable Outcome]. This experience has equipped me with a robust understanding of [Relevant Industry Trend/Challenge] and how to navigate it effectively.

I envision myself contributing significantly to your team, particularly in the Business Development Manager capacity, by leveraging my abilities in [Skill Set 1] and [Skill Set 2] to [Desired Contribution]. I am eager to apply my strategic thinking and hands-on experience to help Education further solidify its position as a leader in the Telecommunications market.

I understand your time is valuable, but I believe a brief conversation could highlight how my unique skill set can add tangible value to your ongoing projects. Please let me know if you have any availability in the coming days.

Best regards,
[Your Name]
[Your Contact Information]"
Government,Operations Manager,Automotive,"Subject: Innovative Solutions from a innovative Data Scientist for Government in Automotive

Dear David,

My name is [Your Name], and I am a innovative Data Scientist specializing in developing innovative solutions within the dynamic Automotive sector. I've been following Government's trajectory with great interest, especially your recent success with [Specific Market Expansion/Product Launch].

My professional journey has provided me with a comprehensive skill set in [Technical Skill/Soft Skill 1] and [Technical Skill/Soft Skill 2]. I've had the privilege of working on projects that required [Specific Project Requirement], where I successfully [Action Taken] leading to [Positive Outcome]. This experience has instilled in me a strong capability for [Problem-Solving Approach] and [Strategic Thinking Trait].

I am particularly drawn to the Operations Manager at Government because of [Specific Aspect of Role/Company Culture]. I am confident that my ability to [Unique Selling Proposition] combined with my dedication to [Professional Value] would make me an invaluable asset to your team.

I am keen to explore how my expertise can support Government's continued growth and innovation. Would you be open to a brief discussion to delve deeper into how my background aligns with your needs?

Thank you for your consideration.

Sincerely,
[Your Name]
[Your Professional Affiliation (if any)]"
Enterprise,Product Manager,Retail,"Subject: Innovative Solutions from a insightful Financial Analyst for Enterprise in Retail

Dear John,

My name is [Your Name], and I am a insightful Financial Analyst specializing in developing innovative solutions within the dynamic Retail sector. I've been following Enterprise's trajectory with great interest, especially your recent success with [Specific Market Expansion/Product Launch].

My professional journey has provided me with a comprehensive skill set in [Technical Skill/Soft Skill 1] and [Technical Skill/Soft Skill 2]. I've had the privilege of working on projects that required [Specific Project Requirement], where I successfully [Action Taken] leading to [Positive Outcome]. This experience has instilled in me a strong capability for [Problem-Solving Approach] and [Strategic Thinking Trait].

I am particularly drawn to the Product Manager at Enterprise because of [Specific Aspect of Role/Company Culture]. I am confident that my ability to [Unique Selling Proposition] combined with my dedication to [Professional Value] would make me an invaluable asset to your team.

I am keen to explore how my expertise can support Enterprise's continued growth and innovation. Would you be open to a brief discussion to delve deeper into how my background aligns with your needs?

Thank you for your consideration.

Sincerely,
[Your Name]
[Your Professional Affiliation (if any)]"
Consulting,Data Scientist,Education,"Subject: Innovative Solutions from a innovative Data Scientist for Consulting in Education

Dear John,

My name is [Your Name], and I am a innovative Data Scientist specializing in developing innovative solutions within the dynamic Education sector. I've been following Consulting's trajectory with great interest, especially your recent success with [Specific Market Expansion/Product Launch].

My professional journey has provided me with a comprehensive skill set in [Technical Skill/Soft Skill 1] and [Technical Skill/Soft Skill 2]. I've had the privilege of working on projects that required [Specific Project Requirement], where I successfully [Action Taken] leading to [Positive Outcome]. This experience has instilled in me a strong capability for [Problem-Solving Approach] and [Strategic Thinking Trait].

I am particularly drawn to the Data Scientist at Consulting because of [Specific Aspect of Role/Company Culture]. I am confident that my ability to [Unique Selling Proposition] combined with my dedication to [Professional Value] would make me an invaluable asset to your team.

I am keen to explore how my expertise can support Consulting's continued growth and innovation. Would you be open to a brief discussion to delve deeper into how my background aligns with your needs?

Thank you for your consideration.

Sincerely,
[Your Name]
[Your Professional Affiliation (if any)]"
Non-profit,Software Engineer,Retail,"Subject: Innovative Solutions from a experienced Software Engineer for Non-profit in Retail

Dear Ashley,

My name is [Your Name], and I am a experienced Software Engineer specializing in developing innovative solutions within the dynamic Retail sector. I've been following Non-profit's trajectory with great interest, especially your recent success with [Specific Market Expansion/Product Launch].

My professional journey has provided me with a comprehensive skill set in [Technical Skill/Soft Skill 1] and [Technical Skill/Soft Skill 2]. I've had the privilege of working on projects that required [Specific Project Requirement], where I successfully [Action Taken] leading to [Positive Outcome]. This experience has instilled in me a strong capability for [Problem-Solving Approach] and [Strategic Thinking Trait].

I am particularly drawn to the Software Engineer at Non-profit because of [Specific Aspect of Role/Company Culture]. I am confident that my ability to [Unique Selling Proposition] combined with my dedication to [Professional Value] would make me an invaluable asset to your team.

I am keen to explore how my expertise can support Non-profit's continued growth and innovation. Would you be open to a brief discussion to delve deeper into how my background aligns with your needs?

Thank you for your consideration.

Sincerely,
[Your Name]
[Your Professional Affiliation (if any)]"
Non-profit,Sales Representative,Finance,"Subject: Innovative Solutions from a efficient Operations Manager for Non-profit in Finance

Dear Ashley,

My name is [Your Name], and I am a efficient Operations Manager specializing in developing innovative solutions within the dynamic Finance sector. I've been following Non-profit's trajectory with great interest, especially your recent success with [Specific Market Expansion/Product Launch].

My professional journey has provided me with a comprehensive skill set in [Technical Skill/Soft Skill 1] and [Technical Skill/Soft Skill 2]. I've had the privilege of working on projects that required [Specific Project Requirement], where I successfully [Action Taken] leading to [Positive Outcome]. This experience has instilled in me a strong capability for [Problem-Solving Approach] and [Strategic Thinking Trait].

I am particularly drawn to the Sales Representative at Non-profit because of [Specific Aspect of Role/Company Culture]. I am confident that my ability to [Unique Selling Proposition] combined with my dedication to [Professional Value] would make me an invaluable asset to your team.

I am keen to explore how my expertise can support Non-profit's continued growth and innovation. Would you be open to a brief discussion to delve deeper into how my background aligns with your needs?

Thank you for your consideration.

Sincerely,
[Your Name]
[Your Professional Affiliation (if any)]"
Non-profit,Business Development Manager,Education,"Subject: A insightful Financial Analyst's Perspective on Non-profit's Education Leadership

Hello Emily,

I'm writing to you today as a insightful Financial Analyst who deeply admires Non-profit's pioneering spirit in the Education landscape. Your commitment to [Company Value/Mission] truly resonates with my professional ethos, and I've been particularly impressed by [Specific Company Initiative/Product].

Throughout my career, I've honed my expertise in [Core Competency 1] and [Core Competency 2], consistently striving to [Professional Goal/Impact]. A notable achievement includes [Detailed Achievement Example], where I was responsible for [Specific Actions Taken] and achieved [Measurable Outcome]. This experience has equipped me with a robust understanding of [Relevant Industry Trend/Challenge] and how to navigate it effectively.

I envision myself contributing significantly to your team, particularly in the Business Development Manager capacity, by leveraging my abilities in [Skill Set 1] and [Skill Set 2] to [Desired Contribution]. I am eager to apply my strategic thinking and hands-on experience to help Non-profit further solidify its position as a leader in the Education market.

I understand your time is valuable, but I believe a brief conversation could highlight how my unique skill set can add tangible value to your ongoing projects. Please let me know if you have any availability in the coming days.

Best regards,
[Your Name]
[Your Contact Information]"
Enterprise,Product Manager,Automotive,"Subject: A creative UI/UX Designer's Perspective on Enterprise's Automotive Leadership

Hello Ashley,

I'm writing to you today as a creative UI/UX Designer who deeply admires Enterprise's pioneering spirit in the Automotive landscape. Your commitment to [Company Value/Mission] truly resonates with my professional ethos, and I've been particularly impressed by [Specific Company Initiative/Product].

Throughout my career, I've honed my expertise in [Core Competency 1] and [Core Competency 2], consistently striving to [Professional Goal/Impact]. A notable achievement includes [Detailed Achievement Example], where I was responsible for [Specific Actions Taken] and achieved [Measurable Outcome]. This experience has equipped me with a robust understanding of [Relevant Industry Trend/Challenge] and how to navigate it effectively.

I envision myself contributing significantly to your team, particularly in the Product Manager capacity, by leveraging my abilities in [Skill Set 1] and [Skill Set 2] to [Desired Contribution]. I am eager to apply my strategic thinking and hands-on experience to help Enterprise further solidify its position as a leader in the Automotive market.

I understand your time is valuable, but I believe a brief conversation could highlight how my unique skill set can add tangible value to your ongoing projects. Please let me know if you have any availability in the coming days.

Best regards,
[Your Name]
[Your Contact Information]"
Fintech,Operations Manager,Telecommunications,"Subject: Exploring Synergies: results-driven Marketing Specialist Expertise for Fintech in Telecommunications

Dear David,

I hope this email finds you well. My name is [Your Name], and I am a results-driven Marketing Specialist with a deep-seated passion for innovation within the Telecommunications sector. I've been closely following Fintech's remarkable advancements, particularly your recent work on [Specific Company Achievement/Project], which I found truly inspiring.

My background includes extensive experience in [Key Area of Expertise 1] and [Key Area of Expertise 2], where I've consistently delivered [Quantifiable Result 1] and [Quantifiable Result 2]. For instance, in my previous role at [Previous Company], I led a project that [Brief Project Description] resulting in a [Significant Impact, e.g., 25% increase in efficiency]. I believe this experience could be highly relevant to your team's objectives, especially as you continue to [Company's Current Goal/Challenge].

I am particularly interested in the Operations Manager position at Fintech because [Reason for Interest in Role/Company]. I am confident that my skills in [Relevant Skill 1] and [Relevant Skill 2], coupled with my proactive approach to problem-solving, would enable me to make immediate and meaningful contributions.

I would be grateful for the opportunity to discuss how my capabilities align with your strategic vision and contribute to your continued success. Would you be open to a brief virtual coffee chat sometime next week to explore potential synergies?

Thank you for your time and consideration.

Sincerely,
[Your Name]
[Your Title]
[Your LinkedIn Profile (Optional)]
[Your Website/Portfolio (Optional)]"
Consulting,Product Manager,Retail,"Subject: A results-driven Marketing Specialist's Perspective on Consulting's Retail Leadership

Hello Michael,

I'm writing to you today as a results-driven Marketing Specialist who deeply admires Consulting's pioneering spirit in the Retail landscape. Your commitment to [Company Value/Mission] truly resonates with my professional ethos, and I've been particularly impressed by [Specific Company Initiative/Product].

Throughout my career, I've honed my expertise in [Core Competency 1] and [Core Competency 2], consistently striving to [Professional Goal/Impact]. A notable achievement includes [Detailed Achievement Example], where I was responsible for [Specific Actions Taken] and achieved [Measurable Outcome]. This experience has equipped me with a robust understanding of [Relevant Industry Trend/Challenge] and how to navigate it effectively.

I envision myself contributing significantly to your team, particularly in the Product Manager capacity, by leveraging my abilities in [Skill Set 1] and [Skill Set 2] to [Desired Contribution]. I am eager to apply my strategic thinking and hands-on experience to help Consulting further solidify its position as a leader in the Retail market.

I understand your time is valuable, but I believe a brief conversation could highlight how my unique skill set can add tangible value to your ongoing projects. Please let me know if you have any availability in the coming days.

Best regards,
[Your Name]
[Your Contact Information]"
Government,Operations Manager,Automotive,"Subject: Exploring Synergies: proactive Sales Representative Expertise for Government in Automotive

Dear Matthew,

I hope this email finds you well. My name is [Your Name], and I am a proactive Sales Representative with a deep-seated passion for innovation within the Automotive sector. I've been closely following Government's remarkable advancements, particularly your recent work on [Specific Company Achievement/Project], which I found truly inspiring.

My background includes extensive experience in [Key Area of Expertise 1] and [Key Area of Expertise 2], where I've consistently delivered [Quantifiable Result 1] and [Quantifiable Result 2]. For instance, in my previous role at [Previous Company], I led a project that [Brief Project Description] resulting in a [Significant Impact, e.g., 25% increase in efficiency]. I believe this experience could be highly relevant to your team's objectives, especially as you continue to [Company's Current Goal/Challenge].

I am particularly interested in the Operations Manager position at Government because [Reason for Interest in Role/Company]. I am confident that my skills in [Relevant Skill 1] and [Relevant Skill 2], coupled with my proactive approach to problem-solving, would enable me to make immediate and meaningful contributions.

I would be grateful for the opportunity to discuss how my capabilities align with your strategic vision and contribute to your continued success. Would you be open to a brief virtual coffee chat sometime next week to explore potential synergies?

Thank you for your time and consideration.

Sincerely,
[Your Name]
[Your Title]
[Your LinkedIn Profile (Optional)]
[Your Website/Portfolio (Optional)]"
Fintech,UI/UX Designer,AI,"Subject: A experienced Software Engineer's Perspective on Fintech's AI Leadership

Hello Chris,

I'm writing to you today as a experienced Software Engineer who deeply admires Fintech's pioneering spirit in the AI landscape. Your commitment to [Company Value/Mission] truly resonates with my professional ethos, and I've been particularly impressed by [Specific Company Initiative/Product].

Throughout my career, I've honed my expertise in [Core Competency 1] and [Core Competency 2], consistently striving to [Professional Goal/Impact]. A notable achievement includes [Detailed Achievement Example], where I was responsible for [Specific Actions Taken] and achieved [Measurable Outcome]. This experience has equipped me with a robust understanding of [Relevant Industry Trend/Challenge] and how to navigate it effectively.

I envision myself contributing significantly to your team, particularly in the UI/UX Designer capacity, by leveraging my abilities in [Skill Set 1] and [Skill Set 2] to [Desired Contribution]. I am eager to apply my strategic thinking and hands-on experience to help Fintech further solidify its position as a leader in the AI market.

I understand your time is valuable, but I believe a brief conversation could highlight how my unique skill set can add tangible value to your ongoing projects. Please let me know if you have any availability in the coming days.

Best regards,
[Your Name]
[Your Contact Information]"
Enterprise,Data Scientist,Education,"Subject: Innovative Solutions from a proactive Sales Representative for Enterprise in Education

Dear David,

My name is [Your Name], and I am a proactive Sales Representative specializing in developing innovative solutions within the dynamic Education sector. I've been following Enterprise's trajectory with great interest, especially your recent success with [Specific Market Expansion/Product Launch].

My professional journey has provided me with a comprehensive skill set in [Technical Skill/Soft Skill 1] and [Technical Skill/Soft Skill 2]. I've had the privilege of working on projects that required [Specific Project Requirement], where I successfully [Action Taken] leading to [Positive Outcome]. This experience has instilled in me a strong capability for [Problem-Solving Approach] and [Strategic Thinking Trait].

I am particularly drawn to the Data Scientist at Enterprise because of [Specific Aspect of Role/Company Culture]. I am confident that my ability to [Unique Selling Proposition] combined with my dedication to [Professional Value] would make me an invaluable asset to your team.

I am keen to explore how my expertise can support Enterprise's continued growth and innovation. Would you be open to a brief discussion to delve deeper into how my background aligns with your needs?

Thank you for your consideration.

Sincerely,
[Your Name]
[Your Professional Affiliation (if any)]"
Non-profit,Software Engineer,Education,"Subject: Exploring Synergies: dedicated HR Manager Expertise for Non-profit in Education

Dear John,

I hope this email finds you well. My name is [Your Name], and I am a dedicated HR Manager with a deep-seated passion for innovation within the Education sector. I've been closely following Non-profit's remarkable advancements, particularly your recent work on [Specific Company Achievement/Project], which I found truly inspiring.

My background includes extensive experience in [Key Area of Expertise 1] and [Key Area of Expertise 2], where I've consistently delivered [Quantifiable Result 1] and [Quantifiable Result 2]. For instance, in my previous role at [Previous Company], I led a project that [Brief Project Description] resulting in a [Significant Impact, e.g., 25% increase in efficiency]. I believe this experience could be highly relevant to your team's objectives, especially as you continue to [Company's Current Goal/Challenge].

I am particularly interested in the Software Engineer position at Non-profit because [Reason for Interest in Role/Company]. I am confident that my skills in [Relevant Skill 1] and [Relevant Skill 2], coupled with my proactive approach to problem-solving, would enable me to make immediate and meaningful contributions.

I would be grateful for the opportunity to discuss how my capabilities align with your strategic vision and contribute to your continued success. Would you be open to a brief virtual coffee chat sometime next week to explore potential synergies?

Thank you for your time and consideration.

Sincerely,
[Your Name]
[Your Title]
[Your LinkedIn Profile (Optional)]
[Your Website/Portfolio (Optional)]"
Education,Data Scientist,Manufacturing,"Subject: Exploring Synergies: results-driven Marketing Specialist Expertise for Education in Manufacturing

Dear Matthew,

I hope this email finds you well. My name is [Your Name], and I am a results-driven Marketing Specialist with a deep-seated passion for innovation within the Manufacturing sector. I've been closely following Education's remarkable advancements, particularly your recent work on [Specific Company Achievement/Project], which I found truly inspiring.

My background includes extensive experience in [Key Area of Expertise 1] and [Key Area of Expertise 2], where I've consistently delivered [Quantifiable Result 1] and [Quantifiable Result 2]. For instance, in my previous role at [Previous Company], I led a project that [Brief Project Description] resulting in a [Significant Impact, e.g., 25% increase in efficiency]. I believe this experience could be highly relevant to your team's objectives, especially as you continue to [Company's Current Goal/Challenge].

I am particularly interested in the Data Scientist position at Education because [Reason for Interest in Role/Company]. I am confident that my skills in [Relevant Skill 1] and [Relevant Skill 2], coupled with my proactive approach to problem-solving, would enable me to make immediate and meaningful contributions.

I would be grateful for the opportunity to discuss how my capabilities align with your strategic vision and contribute to your continued success. Would you be open to a brief virtual coffee chat sometime next week to explore potential synergies?

Thank you for your time and consideration.

Sincerely,
[Your Name]
[Your Title]
[Your LinkedIn Profile (Optional)]
[Your Website/Portfolio (Optional)]"
Non-profit,Operations Manager,AI,"Subject: Innovative Solutions from a insightful Financial Analyst for Non-profit in AI

Dear Jane,

My name is [Your Name], and I am a insightful Financial Analyst specializing in developing innovative solutions within the dynamic AI sector. I've been following Non-profit's trajectory with great interest, especially your recent success with [Specific Market Expansion/Product Launch].

My professional journey has provided me with a comprehensive skill set in [Technical Skill/Soft Skill 1] and [Technical Skill/Soft Skill 2]. I've had the privilege of working on projects that required [Specific Project Requirement], where I successfully [Action Taken] leading to [Positive Outcome]. This experience has instilled in me a strong capability for [Problem-Solving Approach] and [Strategic Thinking Trait].

I am particularly drawn to the Operations Manager at Non-profit because of [Specific Aspect of Role/Company Culture]. I am confident that my ability to [Unique Selling Proposition] combined with my dedication to [Professional Value] would make me an invaluable asset to your team.

I am keen to explore how my expertise can support Non-profit's continued growth and innovation. Would you be open to a brief discussion to delve deeper into how my background aligns with your needs?

Thank you for your consideration.

Sincerely,
[Your Name]
[Your Professional Affiliation (if any)]"
Government,HR Manager,Finance,"Subject: Exploring Synergies: dedicated HR Manager Expertise for Government in Finance

Dear David,

I hope this email finds you well. My name is [Your Name], and I am a dedicated HR Manager with a deep-seated passion for innovation within the Finance sector. I've been closely following Government's remarkable advancements, particularly your recent work on [Specific Company Achievement/Project], which I found truly inspiring.

My background includes extensive experience in [Key Area of Expertise 1] and [Key Area of Expertise 2], where I've consistently delivered [Quantifiable Result 1] and [Quantifiable Result 2]. For instance, in my previous role at [Previous Company], I led a project that [Brief Project Description] resulting in a [Significant Impact, e.g., 25% increase in efficiency]. I believe this experience could be highly relevant to your team's objectives, especially as you continue to [Company's Current Goal/Challenge].

I am particularly interested in the HR Manager position at Government because [Reason for Interest in Role/Company]. I am confident that my skills in [Relevant Skill 1] and [Relevant Skill 2], coupled with my proactive approach to problem-solving, would enable me to make immediate and meaningful contributions.

I would be grateful for the opportunity to discuss how my capabilities align with your strategic vision and contribute to your continued success. Would you be open to a brief virtual coffee chat sometime next week to explore potential synergies?

Thank you for your time and consideration.

Sincerely,
[Your Name]
[Your Title]
[Your LinkedIn Profile (Optional)]
[Your Website/Portfolio (Optional)]"
Consulting,Business Development Manager,AI,"Subject: Exploring Synergies: dynamic Business Development Manager Expertise for Consulting in AI

Dear Matthew,

I hope this email finds you well. My name is [Your Name], and I am a dynamic Business Development Manager with a deep-seated passion for innovation within the AI sector. I've been closely following Consulting's remarkable advancements, particularly your recent work on [Specific Company Achievement/Project], which I found truly inspiring.

My background includes extensive experience in [Key Area of Expertise 1] and [Key Area of Expertise 2], where I've consistently delivered [Quantifiable Result 1] and [Quantifiable Result 2]. For instance, in my previous role at [Previous Company], I led a project that [Brief Project Description] resulting in a [Significant Impact, e.g., 25% increase in efficiency]. I believe this experience could be highly relevant to your team's objectives, especially as you continue to [Company's Current Goal/Challenge].

I am particularly interested in the Business Development Manager position at Consulting because [Reason for Interest in Role/Company]. I am confident that my skills in [Relevant Skill 1] and [Relevant Skill 2], coupled with my proactive approach to problem-solving, would enable me to make immediate and meaningful contributions.

I would be grateful for the opportunity to discuss how my capabilities align with your strategic vision and contribute to your continued success. Would you be open to a brief virtual coffee chat sometime next week to explore potential synergies?

Thank you for your time and consideration.

Sincerely,
[Your Name]
[Your Title]
[Your LinkedIn Profile (Optional)]
[Your Website/Portfolio (Optional)]"
Healthcare,Software Engineer,Telecommunications,"Subject: Innovative Solutions from a dedicated HR Manager for Healthcare in Telecommunications

Dear Ashley,

My name is [Your Name], and I am a dedicated HR Manager specializing in developing innovative solutions within the dynamic Telecommunications sector. I've been following Healthcare's trajectory with great interest, especially your recent success with [Specific Market Expansion/Product Launch].

My professional journey has provided me with a comprehensive skill set in [Technical Skill/Soft Skill 1] and [Technical Skill/Soft Skill 2]. I've had the privilege of working on projects that required [Specific Project Requirement], where I successfully [Action Taken] leading to [Positive Outcome]. This experience has instilled in me a strong capability for [Problem-Solving Approach] and [Strategic Thinking Trait].

I am particularly drawn to the Software Engineer at Healthcare because of [Specific Aspect of Role/Company Culture]. I am confident that my ability to [Unique Selling Proposition] combined with my dedication to [Professional Value] would make me an invaluable asset to your team.

I am keen to explore how my expertise can support Healthcare's continued growth and innovation. Would you be open to a brief discussion to delve deeper into how my background aligns with your needs?

Thank you for your consideration.

Sincerely,
[Your Name]
[Your Professional Affiliation (if any)]"
Healthcare,Business Development Manager,Technology,"Subject: A creative UI/UX Designer's Perspective on Healthcare's Technology Leadership

Hello Michael,

I'm writing to you today as a creative UI/UX Designer who deeply admires Healthcare's pioneering spirit in the Technology landscape. Your commitment to [Company Value/Mission] truly resonates with my professional ethos, and I've been particularly impressed by [Specific Company Initiative/Product].

Throughout my career, I've honed my expertise in [Core Competency 1] and [Core Competency 2], consistently striving to [Professional Goal/Impact]. A notable achievement includes [Detailed Achievement Example], where I was responsible for [Specific Actions Taken] and achieved [Measurable Outcome]. This experience has equipped me with a robust understanding of [Relevant Industry Trend/Challenge] and how to navigate it effectively.

I envision myself contributing significantly to your team, particularly in the Business Development Manager capacity, by leveraging my abilities in [Skill Set 1] and [Skill Set 2] to [Desired Contribution]. I am eager to apply my strategic thinking and hands-on experience to help Healthcare further solidify its position as a leader in the Technology market.

I understand your time is valuable, but I believe a brief conversation could highlight how my unique skill set can add tangible value to your ongoing projects. Please let me know if you have any availability in the coming days.

Best regards,
[Your Name]
[Your Contact Information]"
E-commerce,Business Development Manager,Technology,"Subject: Exploring Synergies: strategic Product Manager Expertise for E-commerce in Technology

Dear Michael,

I hope this email finds you well. My name is [Your Name], and I am a strategic Product Manager with a deep-seated passion for innovation within the Technology sector. I've been closely following E-commerce's remarkable advancements, particularly your recent work on [Specific Company Achievement/Project], which I found truly inspiring.

My background includes extensive experience in [Key Area of Expertise 1] and [Key Area of Expertise 2], where I've consistently delivered [Quantifiable Result 1] and [Quantifiable Result 2]. For instance, in my previous role at [Previous Company], I led a project that [Brief Project Description] resulting in a [Significant Impact, e.g., 25% increase in efficiency]. I believe this experience could be highly relevant to your team's objectives, especially as you continue to [Company's Current Goal/Challenge].

I am particularly interested in the Business Development Manager position at E-commerce because [Reason for Interest in Role/Company]. I am confident that my skills in [Relevant Skill 1] and [Relevant Skill 2], coupled with my proactive approach to problem-solving, would enable me to make immediate and meaningful contributions.

I would be grateful for the opportunity to discuss how my capabilities align with your strategic vision and contribute to your continued success. Would you be open to a brief virtual coffee chat sometime next week to explore potential synergies?

Thank you for your time and consideration.

Sincerely,
[Your Name]
[Your Title]
[Your LinkedIn Profile (Optional)]
[Your Website/Portfolio (Optional)]"
Healthcare,Business Development Manager,Technology,"Subject: A dedicated HR Manager's Perspective on Healthcare's Technology Leadership

Hello Emily,

I'm writing to you today as a dedicated HR Manager who deeply admires Healthcare's pioneering spirit in the Technology landscape. Your commitment to [Company Value/Mission] truly resonates with my professional ethos, and I've been particularly impressed by [Specific Company Initiative/Product].

Throughout my career, I've honed my expertise in [Core Competency 1] and [Core Competency 2], consistently striving to [Professional Goal/Impact]. A notable achievement includes [Detailed Achievement Example], where I was responsible for [Specific Actions Taken] and achieved [Measurable Outcome]. This experience has equipped me with a robust understanding of [Relevant Industry Trend/Challenge] and how to navigate it effectively.

I envision myself contributing significantly to your team, particularly in the Business Development Manager capacity, by leveraging my abilities in [Skill Set 1] and [Skill Set 2] to [Desired Contribution]. I am eager to apply my strategic thinking and hands-on experience to help Healthcare further solidify its position as a leader in the Technology market.

I understand your time is valuable, but I believe a brief conversation could highlight how my unique skill set can add tangible value to your ongoing projects. Please let me know if you have any availability in the coming days.

Best regards,
[Your Name]
[Your Contact Information]"
Non-profit,UI/UX Designer,Education,"Subject: Exploring Synergies: experienced Software Engineer Expertise for Non-profit in Education

Dear Matthew,

I hope this email finds you well. My name is [Your Name], and I am a experienced Software Engineer with a deep-seated passion for innovation within the Education sector. I've been closely following Non-profit's remarkable advancements, particularly your recent work on [Specific Company Achievement/Project], which I found truly inspiring.

My background includes extensive experience in [Key Area of Expertise 1] and [Key Area of Expertise 2], where I've consistently delivered [Quantifiable Result 1] and [Quantifiable Result 2]. For instance, in my previous role at [Previous Company], I led a project that [Brief Project Description] resulting in a [Significant Impact, e.g., 25% increase in efficiency]. I believe this experience could be highly relevant to your team's objectives, especially as you continue to [Company's Current Goal/Challenge].

I am particularly interested in the UI/UX Designer position at Non-profit because [Reason for Interest in Role/Company]. I am confident that my skills in [Relevant Skill 1] and [Relevant Skill 2], coupled with my proactive approach to problem-solving, would enable me to make immediate and meaningful contributions.

I would be grateful for the opportunity to discuss how my capabilities align with your strategic vision and contribute to your continued success. Would you be open to a brief virtual coffee chat sometime next week to explore potential synergies?

Thank you for your time and consideration.

Sincerely,
[Your Name]
[Your Title]
[Your LinkedIn Profile (Optional)]
[Your Website/Portfolio (Optional)]"
Government,Business Development Manager,AI,"Subject: Exploring Synergies: strategic Product Manager Expertise for Government in AI

Dear David,

I hope this email finds you well. My name is [Your Name], and I am a strategic Product Manager with a deep-seated passion for innovation within the AI sector. I've been closely following Government's remarkable advancements, particularly your recent work on [Specific Company Achievement/Project], which I found truly inspiring.

My background includes extensive experience in [Key Area of Expertise 1] and [Key Area of Expertise 2], where I've consistently delivered [Quantifiable Result 1] and [Quantifiable Result 2]. For instance, in my previous role at [Previous Company], I led a project that [Brief Project Description] resulting in a [Significant Impact, e.g., 25% increase in efficiency]. I believe this experience could be highly relevant to your team's objectives, especially as you continue to [Company's Current Goal/Challenge].

I am particularly interested in the Business Development Manager position at Government because [Reason for Interest in Role/Company]. I am confident that my skills in [Relevant Skill 1] and [Relevant Skill 2], coupled with my proactive approach to problem-solving, would enable me to make immediate and meaningful contributions.

I would be grateful for the opportunity to discuss how my capabilities align with your strategic vision and contribute to your continued success. Would you be open to a brief virtual coffee chat sometime next week to explore potential synergies?

Thank you for your time and consideration.

Sincerely,
[Your Name]
[Your Title]
[Your LinkedIn Profile (Optional)]
[Your Website/Portfolio (Optional)]"
SaaS,Business Development Manager,Finance,"Subject: Innovative Solutions from a creative UI/UX Designer for SaaS in Finance

Dear Jessica,

My name is [Your Name], and I am a creative UI/UX Designer specializing in developing innovative solutions within the dynamic Finance sector. I've been following SaaS's trajectory with great interest, especially your recent success with [Specific Market Expansion/Product Launch].

My professional journey has provided me with a comprehensive skill set in [Technical Skill/Soft Skill 1] and [Technical Skill/Soft Skill 2]. I've had the privilege of working on projects that required [Specific Project Requirement], where I successfully [Action Taken] leading to [Positive Outcome]. This experience has instilled in me a strong capability for [Problem-Solving Approach] and [Strategic Thinking Trait].

I am particularly drawn to the Business Development Manager at SaaS because of [Specific Aspect of Role/Company Culture]. I am confident that my ability to [Unique Selling Proposition] combined with my dedication to [Professional Value] would make me an invaluable asset to your team.

I am keen to explore how my expertise can support SaaS's continued growth and innovation. Would you be open to a brief discussion to delve deeper into how my background aligns with your needs?

Thank you for your consideration.

Sincerely,
[Your Name]
[Your Professional Affiliation (if any)]"
Consulting,Marketing Specialist,Telecommunications,"Subject: Innovative Solutions from a experienced Software Engineer for Consulting in Telecommunications

Dear Jane,

My name is [Your Name], and I am a experienced Software Engineer specializing in developing innovative solutions within the dynamic Telecommunications sector. I've been following Consulting's trajectory with great interest, especially your recent success with [Specific Market Expansion/Product Launch].

My professional journey has provided me with a comprehensive skill set in [Technical Skill/Soft Skill 1] and [Technical Skill/Soft Skill 2]. I've had the privilege of working on projects that required [Specific Project Requirement], where I successfully [Action Taken] leading to [Positive Outcome]. This experience has instilled in me a strong capability for [Problem-Solving Approach] and [Strategic Thinking Trait].

I am particularly drawn to the Marketing Specialist at Consulting because of [Specific Aspect of Role/Company Culture]. I am confident that my ability to [Unique Selling Proposition] combined with my dedication to [Professional Value] would make me an invaluable asset to your team.

I am keen to explore how my expertise can support Consulting's continued growth and innovation. Would you be open to a brief discussion to delve deeper into how my background aligns with your needs?

Thank you for your consideration.

Sincerely,
[Your Name]
[Your Professional Affiliation (if any)]"
Startup,Financial Analyst,Retail,"Subject: Innovative Solutions from a dynamic Business Development Manager for Startup in Retail

Dear Michael,

My name is [Your Name], and I am a dynamic Business Development Manager specializing in developing innovative solutions within the dynamic Retail sector. I've been following Startup's trajectory with great interest, especially your recent success with [Specific Market Expansion/Product Launch].

My professional journey has provided me with a comprehensive skill set in [Technical Skill/Soft Skill 1] and [Technical Skill/Soft Skill 2]. I've had the privilege of working on projects that required [Specific Project Requirement], where I successfully [Action Taken] leading to [Positive Outcome]. This experience has instilled in me a strong capability for [Problem-Solving Approach] and [Strategic Thinking Trait].

I am particularly drawn to the Financial Analyst at Startup because of [Specific Aspect of Role/Company Culture]. I am confident that my ability to [Unique Selling Proposition] combined with my dedication to [Professional Value] would make me an invaluable asset to your team.

I am keen to explore how my expertise can support Startup's continued growth and innovation. Would you be open to a brief discussion to delve deeper into how my background aligns with your needs?

Thank you for your consideration.

Sincerely,
[Your Name]
[Your Professional Affiliation (if any)]"
Education,Business Development Manager,AI,"Subject: Innovative Solutions from a results-driven Marketing Specialist for Education in AI

Dear Jessica,

My name is [Your Name], and I am a results-driven Marketing Specialist specializing in developing innovative solutions within the dynamic AI sector. I've been following Education's trajectory with great interest, especially your recent success with [Specific Market Expansion/Product Launch].

My professional journey has provided me with a comprehensive skill set in [Technical Skill/Soft Skill 1] and [Technical Skill/Soft Skill 2]. I've had the privilege of working on projects that required [Specific Project Requirement], where I successfully [Action Taken] leading to [Positive Outcome]. This experience has instilled in me a strong capability for [Problem-Solving Approach] and [Strategic Thinking Trait].

I am particularly drawn to the Business Development Manager at Education because of [Specific Aspect of Role/Company Culture]. I am confident that my ability to [Unique Selling Proposition] combined with my dedication to [Professional Value] would make me an invaluable asset to your team.

I am keen to explore how my expertise can support Education's continued growth and innovation. Would you be open to a brief discussion to delve deeper into how my background aligns with your needs?

Thank you for your consideration.

Sincerely,
[Your Name]
[Your Professional Affiliation (if any)]"
Education,Data Scientist,Real Estate,"Subject: Innovative Solutions from a results-driven Marketing Specialist for Education in Real Estate

Dear Ashley,

My name is [Your Name], and I am a results-driven Marketing Specialist specializing in developing innovative solutions within the dynamic Real Estate sector. I've been following Education's trajectory with great interest, especially your recent success with [Specific Market Expansion/Product Launch].

My professional journey has provided me with a comprehensive skill set in [Technical Skill/Soft Skill 1] and [Technical Skill/Soft Skill 2]. I've had the privilege of working on projects that required [Specific Project Requirement], where I successfully [Action Taken] leading to [Positive Outcome]. This experience has instilled in me a strong capability for [Problem-Solving Approach] and [Strategic Thinking Trait].

I am particularly drawn to the Data Scientist at Education because of [Specific Aspect of Role/Company Culture]. I am confident that my ability to [Unique Selling Proposition] combined with my dedication to [Professional Value] would make me an invaluable asset to your team.

I am keen to explore how my expertise can support Education's continued growth and innovation. Would you be open to a brief discussion to delve deeper into how my background aligns with your needs?

Thank you for your consideration.

Sincerely,
[Your Name]
[Your Professional Affiliation (if any)]"
E-commerce,Data Scientist,AI,"Subject: A dedicated HR Manager's Perspective on E-commerce's AI Leadership

Hello John,

I'm writing to you today as a dedicated HR Manager who deeply admires E-commerce's pioneering spirit in the AI landscape. Your commitment to [Company Value/Mission] truly resonates with my professional ethos, and I've been particularly impressed by [Specific Company Initiative/Product].

Throughout my career, I've honed my expertise in [Core Competency 1] and [Core Competency 2], consistently striving to [Professional Goal/Impact]. A notable achievement includes [Detailed Achievement Example], where I was responsible for [Specific Actions Taken] and achieved [Measurable Outcome]. This experience has equipped me with a robust understanding of [Relevant Industry Trend/Challenge] and how to navigate it effectively.

I envision myself contributing significantly to your team, particularly in the Data Scientist capacity, by leveraging my abilities in [Skill Set 1] and [Skill Set 2] to [Desired Contribution]. I am eager to apply my strategic thinking and hands-on experience to help E-commerce further solidify its position as a leader in the AI market.

I understand your time is valuable, but I believe a brief conversation could highlight how my unique skill set can add tangible value to your ongoing projects. Please let me know if you have any availability in the coming days.

Best regards,
[Your Name]
[Your Contact Information]"
SaaS,Sales Representative,Finance,"Subject: Exploring Synergies: experienced Software Engineer Expertise for SaaS in Finance

Dear David,

I hope this email finds you well. My name is [Your Name], and I am a experienced Software Engineer with a deep-seated passion for innovation within the Finance sector. I've been closely following SaaS's remarkable advancements, particularly your recent work on [Specific Company Achievement/Project], which I found truly inspiring.

My background includes extensive experience in [Key Area of Expertise 1] and [Key Area of Expertise 2], where I've consistently delivered [Quantifiable Result 1] and [Quantifiable Result 2]. For instance, in my previous role at [Previous Company], I led a project that [Brief Project Description] resulting in a [Significant Impact, e.g., 25% increase in efficiency]. I believe this experience could be highly relevant to your team's objectives, especially as you continue to [Company's Current Goal/Challenge].

I am particularly interested in the Sales Representative position at SaaS because [Reason for Interest in Role/Company]. I am confident that my skills in [Relevant Skill 1] and [Relevant Skill 2], coupled with my proactive approach to problem-solving, would enable me to make immediate and meaningful contributions.

I would be grateful for the opportunity to discuss how my capabilities align with your strategic vision and contribute to your continued success. Would you be open to a brief virtual coffee chat sometime next week to explore potential synergies?

Thank you for your time and consideration.

Sincerely,
[Your Name]
[Your Title]
[Your LinkedIn Profile (Optional)]
[Your Website/Portfolio (Optional)]"
Startup,Marketing Specialist,Real Estate,"Subject: Exploring Synergies: innovative Data Scientist Expertise for Startup in Real Estate

Dear Emily,

I hope this email finds you well. My name is [Your Name], and I am a innovative Data Scientist with a deep-seated passion for innovation within the Real Estate sector. I've been closely following Startup's remarkable advancements, particularly your recent work on [Specific Company Achievement/Project], which I found truly inspiring.

My background includes extensive experience in [Key Area of Expertise 1] and [Key Area of Expertise 2], where I've consistently delivered [Quantifiable Result 1] and [Quantifiable Result 2]. For instance, in my previous role at [Previous Company], I led a project that [Brief Project Description] resulting in a [Significant Impact, e.g., 25% increase in efficiency]. I believe this experience could be highly relevant to your team's objectives, especially as you continue to [Company's Current Goal/Challenge].

I am particularly interested in the Marketing Specialist position at Startup because [Reason for Interest in Role/Company]. I am confident that my skills in [Relevant Skill 1] and [Relevant Skill 2], coupled with my proactive approach to problem-solving, would enable me to make immediate and meaningful contributions.

I would be grateful for the opportunity to discuss how my capabilities align with your strategic vision and contribute to your continued success. Would you be open to a brief virtual coffee chat sometime next week to explore potential synergies?

Thank you for your time and consideration.

Sincerely,
[Your Name]
[Your Title]
[Your LinkedIn Profile (Optional)]
[Your Website/Portfolio (Optional)]"
Non-profit,Marketing Specialist,Finance,"Subject: Innovative Solutions from a dedicated HR Manager for Non-profit in Finance

Dear Jane,

My name is [Your Name], and I am a dedicated HR Manager specializing in developing innovative solutions within the dynamic Finance sector. I've been following Non-profit's trajectory with great interest, especially your recent success with [Specific Market Expansion/Product Launch].

My professional journey has provided me with a comprehensive skill set in [Technical Skill/Soft Skill 1] and [Technical Skill/Soft Skill 2]. I've had the privilege of working on projects that required [Specific Project Requirement], where I successfully [Action Taken] leading to [Positive Outcome]. This experience has instilled in me a strong capability for [Problem-Solving Approach] and [Strategic Thinking Trait].

I am particularly drawn to the Marketing Specialist at Non-profit because of [Specific Aspect of Role/Company Culture]. I am confident that my ability to [Unique Selling Proposition] combined with my dedication to [Professional Value] would make me an invaluable asset to your team.

I am keen to explore how my expertise can support Non-profit's continued growth and innovation. Would you be open to a brief discussion to delve deeper into how my background aligns with your needs?

Thank you for your consideration.

Sincerely,
[Your Name]
[Your Professional Affiliation (if any)]"
SaaS,Financial Analyst,Automotive,"Subject: Exploring Synergies: creative UI/UX Designer Expertise for SaaS in Automotive

Dear Jessica,

I hope this email finds you well. My name is [Your Name], and I am a creative UI/UX Designer with a deep-seated passion for innovation within the Automotive sector. I've been closely following SaaS's remarkable advancements, particularly your recent work on [Specific Company Achievement/Project], which I found truly inspiring.

My background includes extensive experience in [Key Area of Expertise 1] and [Key Area of Expertise 2], where I've consistently delivered [Quantifiable Result 1] and [Quantifiable Result 2]. For instance, in my previous role at [Previous Company], I led a project that [Brief Project Description] resulting in a [Significant Impact, e.g., 25% increase in efficiency]. I believe this experience could be highly relevant to your team's objectives, especially as you continue to [Company's Current Goal/Challenge].

I am particularly interested in the Financial Analyst position at SaaS because [Reason for Interest in Role/Company]. I am confident that my skills in [Relevant Skill 1] and [Relevant Skill 2], coupled with my proactive approach to problem-solving, would enable me to make immediate and meaningful contributions.

I would be grateful for the opportunity to discuss how my capabilities align with your strategic vision and contribute to your continued success. Would you be open to a brief virtual coffee chat sometime next week to explore potential synergies?

Thank you for your time and consideration.

Sincerely,
[Your Name]
[Your Title]
[Your LinkedIn Profile (Optional)]
[Your Website/Portfolio (Optional)]"
Fintech,Financial Analyst,Manufacturing,"Subject: Innovative Solutions from a insightful Financial Analyst for Fintech in Manufacturing

Dear Sarah,

My name is [Your Name], and I am a insightful Financial Analyst specializing in developing innovative solutions within the dynamic Manufacturing sector. I've been following Fintech's trajectory with great interest, especially your recent success with [Specific Market Expansion/Product Launch].

My professional journey has provided me with a comprehensive skill set in [Technical Skill/Soft Skill 1] and [Technical Skill/Soft Skill 2]. I've had the privilege of working on projects that required [Specific Project Requirement], where I successfully [Action Taken] leading to [Positive Outcome]. This experience has instilled in me a strong capability for [Problem-Solving Approach] and [Strategic Thinking Trait].

I am particularly drawn to the Financial Analyst at Fintech because of [Specific Aspect of Role/Company Culture]. I am confident that my ability to [Unique Selling Proposition] combined with my dedication to [Professional Value] would make me an invaluable asset to your team.

I am keen to explore how my expertise can support Fintech's continued growth and innovation. Would you be open to a brief discussion to delve deeper into how my background aligns with your needs?

Thank you for your consideration.

Sincerely,
[Your Name]
[Your Professional Affiliation (if any)]"
Enterprise,Sales Representative,Technology,"Subject: A results-driven Marketing Specialist's Perspective on Enterprise's Technology Leadership

Hello Jessica,

I'm writing to you today as a results-driven Marketing Specialist who deeply admires Enterprise's pioneering spirit in the Technology landscape. Your commitment to [Company Value/Mission] truly resonates with my professional ethos, and I've been particularly impressed by [Specific Company Initiative/Product].

Throughout my career, I've honed my expertise in [Core Competency 1] and [Core Competency 2], consistently striving to [Professional Goal/Impact]. A notable achievement includes [Detailed Achievement Example], where I was responsible for [Specific Actions Taken] and achieved [Measurable Outcome]. This experience has equipped me with a robust understanding of [Relevant Industry Trend/Challenge] and how to navigate it effectively.

I envision myself contributing significantly to your team, particularly in the Sales Representative capacity, by leveraging my abilities in [Skill Set 1] and [Skill Set 2] to [Desired Contribution]. I am eager to apply my strategic thinking and hands-on experience to help Enterprise further solidify its position as a leader in the Technology market.

I understand your time is valuable, but I believe a brief conversation could highlight how my unique skill set can add tangible value to your ongoing projects. Please let me know if you have any availability in the coming days.

Best regards,
[Your Name]
[Your Contact Information]"
Fintech,Marketing Specialist,Technology,"Subject: Innovative Solutions from a experienced Software Engineer for Fintech in Technology

Dear Jane,

My name is [Your Name], and I am a experienced Software Engineer specializing in developing innovative solutions within the dynamic Technology sector. I've been following Fintech's trajectory with great interest, especially your recent success with [Specific Market Expansion/Product Launch].

My professional journey has provided me with a comprehensive skill set in [Technical Skill/Soft Skill 1] and [Technical Skill/Soft Skill 2]. I've had the privilege of working on projects that required [Specific Project Requirement], where I successfully [Action Taken] leading to [Positive Outcome]. This experience has instilled in me a strong capability for [Problem-Solving Approach] and [Strategic Thinking Trait].

I am particularly drawn to the Marketing Specialist at Fintech because of [Specific Aspect of Role/Company Culture]. I am confident that my ability to [Unique Selling Proposition] combined with my dedication to [Professional Value] would make me an invaluable asset to your team.

I am keen to explore how my expertise can support Fintech's continued growth and innovation. Would you be open to a brief discussion to delve deeper into how my background aligns with your needs?

Thank you for your consideration.

Sincerely,
[Your Name]
[Your Professional Affiliation (if any)]"
Enterprise,HR Manager,Real Estate,"Subject: Innovative Solutions from a strategic Product Manager for Enterprise in Real Estate

Dear Michael,

My name is [Your Name], and I am a strategic Product Manager specializing in developing innovative solutions within the dynamic Real Estate sector. I've been following Enterprise's trajectory with great interest, especially your recent success with [Specific Market Expansion/Product Launch].

My professional journey has provided me with a comprehensive skill set in [Technical Skill/Soft Skill 1] and [Technical Skill/Soft Skill 2]. I've had the privilege of working on projects that required [Specific Project Requirement], where I successfully [Action Taken] leading to [Positive Outcome]. This experience has instilled in me a strong capability for [Problem-Solving Approach] and [Strategic Thinking Trait].

I am particularly drawn to the HR Manager at Enterprise because of [Specific Aspect of Role/Company Culture]. I am confident that my ability to [Unique Selling Proposition] combined with my dedication to [Professional Value] would make me an invaluable asset to your team.

I am keen to explore how my expertise can support Enterprise's continued growth and innovation. Would you be open to a brief discussion to delve deeper into how my background aligns with your needs?

Thank you for your consideration.

Sincerely,
[Your Name]
[Your Professional Affiliation (if any)]"
E-commerce,Operations Manager,Finance,"Subject: A creative UI/UX Designer's Perspective on E-commerce's Finance Leadership

Hello Jessica,

I'm writing to you today as a creative UI/UX Designer who deeply admires E-commerce's pioneering spirit in the Finance landscape. Your commitment to [Company Value/Mission] truly resonates with my professional ethos, and I've been particularly impressed by [Specific Company Initiative/Product].

Throughout my career, I've honed my expertise in [Core Competency 1] and [Core Competency 2], consistently striving to [Professional Goal/Impact]. A notable achievement includes [Detailed Achievement Example], where I was responsible for [Specific Actions Taken] and achieved [Measurable Outcome]. This experience has equipped me with a robust understanding of [Relevant Industry Trend/Challenge] and how to navigate it effectively.

I envision myself contributing significantly to your team, particularly in the Operations Manager capacity, by leveraging my abilities in [Skill Set 1] and [Skill Set 2] to [Desired Contribution]. I am eager to apply my strategic thinking and hands-on experience to help E-commerce further solidify its position as a leader in the Finance market.

I understand your time is valuable, but I believe a brief conversation could highlight how my unique skill set can add tangible value to your ongoing projects. Please let me know if you have any availability in the coming days.

Best regards,
[Your Name]
[Your Contact Information]"
Education,UI/UX Designer,Automotive,"Subject: Exploring Synergies: creative UI/UX Designer Expertise for Education in Automotive

Dear Chris,

I hope this email finds you well. My name is [Your Name], and I am a creative UI/UX Designer with a deep-seated passion for innovation within the Automotive sector. I've been closely following Education's remarkable advancements, particularly your recent work on [Specific Company Achievement/Project], which I found truly inspiring.

My background includes extensive experience in [Key Area of Expertise 1] and [Key Area of Expertise 2], where I've consistently delivered [Quantifiable Result 1] and [Quantifiable Result 2]. For instance, in my previous role at [Previous Company], I led a project that [Brief Project Description] resulting in a [Significant Impact, e.g., 25% increase in efficiency]. I believe this experience could be highly relevant to your team's objectives, especially as you continue to [Company's Current Goal/Challenge].

I am particularly interested in the UI/UX Designer position at Education because [Reason for Interest in Role/Company]. I am confident that my skills in [Relevant Skill 1] and [Relevant Skill 2], coupled with my proactive approach to problem-solving, would enable me to make immediate and meaningful contributions.

I would be grateful for the opportunity to discuss how my capabilities align with your strategic vision and contribute to your continued success. Would you be open to a brief virtual coffee chat sometime next week to explore potential synergies?

Thank you for your time and consideration.

Sincerely,
[Your Name]
[Your Title]
[Your LinkedIn Profile (Optional)]
[Your Website/Portfolio (Optional)]"
Government,Marketing Specialist,Finance,"Subject: Innovative Solutions from a efficient Operations Manager for Government in Finance

Dear Sarah,

My name is [Your Name], and I am a efficient Operations Manager specializing in developing innovative solutions within the dynamic Finance sector. I've been following Government's trajectory with great interest, especially your recent success with [Specific Market Expansion/Product Launch].

My professional journey has provided me with a comprehensive skill set in [Technical Skill/Soft Skill 1] and [Technical Skill/Soft Skill 2]. I've had the privilege of working on projects that required [Specific Project Requirement], where I successfully [Action Taken] leading to [Positive Outcome]. This experience has instilled in me a strong capability for [Problem-Solving Approach] and [Strategic Thinking Trait].

I am particularly drawn to the Marketing Specialist at Government because of [Specific Aspect of Role/Company Culture]. I am confident that my ability to [Unique Selling Proposition] combined with my dedication to [Professional Value] would make me an invaluable asset to your team.

I am keen to explore how my expertise can support Government's continued growth and innovation. Would you be open to a brief discussion to delve deeper into how my background aligns with your needs?

Thank you for your consideration.

Sincerely,
[Your Name]
[Your Professional Affiliation (if any)]"
Startup,Financial Analyst,Finance,"Subject: A results-driven Marketing Specialist's Perspective on Startup's Finance Leadership

Hello Chris,

I'm writing to you today as a results-driven Marketing Specialist who deeply admires Startup's pioneering spirit in the Finance landscape. Your commitment to [Company Value/Mission] truly resonates with my professional ethos, and I've been particularly impressed by [Specific Company Initiative/Product].

Throughout my career, I've honed my expertise in [Core Competency 1] and [Core Competency 2], consistently striving to [Professional Goal/Impact]. A notable achievement includes [Detailed Achievement Example], where I was responsible for [Specific Actions Taken] and achieved [Measurable Outcome]. This experience has equipped me with a robust understanding of [Relevant Industry Trend/Challenge] and how to navigate it effectively.

I envision myself contributing significantly to your team, particularly in the Financial Analyst capacity, by leveraging my abilities in [Skill Set 1] and [Skill Set 2] to [Desired Contribution]. I am eager to apply my strategic thinking and hands-on experience to help Startup further solidify its position as a leader in the Finance market.

I understand your time is valuable, but I believe a brief conversation could highlight how my unique skill set can add tangible value to your ongoing projects. Please let me know if you have any availability in the coming days.

Best regards,
[Your Name]
[Your Contact Information]"
Enterprise,Marketing Specialist,Manufacturing,"Subject: Exploring Synergies: results-driven Marketing Specialist Expertise for Enterprise in Manufacturing

Dear Michael,

I hope this email finds you well. My name is [Your Name], and I am a results-driven Marketing Specialist with a deep-seated passion for innovation within the Manufacturing sector. I've been closely following Enterprise's remarkable advancements, particularly your recent work on [Specific Company Achievement/Project], which I found truly inspiring.

My background includes extensive experience in [Key Area of Expertise 1] and [Key Area of Expertise 2], where I've consistently delivered [Quantifiable Result 1] and [Quantifiable Result 2]. For instance, in my previous role at [Previous Company], I led a project that [Brief Project Description] resulting in a [Significant Impact, e.g., 25% increase in efficiency]. I believe this experience could be highly relevant to your team's objectives, especially as you continue to [Company's Current Goal/Challenge].

I am particularly interested in the Marketing Specialist position at Enterprise because [Reason for Interest in Role/Company]. I am confident that my skills in [Relevant Skill 1] and [Relevant Skill 2], coupled with my proactive approach to problem-solving, would enable me to make immediate and meaningful contributions.

I would be grateful for the opportunity to discuss how my capabilities align with your strategic vision and contribute to your continued success. Would you be open to a brief virtual coffee chat sometime next week to explore potential synergies?

Thank you for your time and consideration.

Sincerely,
[Your Name]
[Your Title]
[Your LinkedIn Profile (Optional)]
[Your Website/Portfolio (Optional)]"
Government,UI/UX Designer,Technology,"Subject: Exploring Synergies: creative UI/UX Designer Expertise for Government in Technology

Dear Ashley,

I hope this email finds you well. My name is [Your Name], and I am a creative UI/UX Designer with a deep-seated passion for innovation within the Technology sector. I've been closely following Government's remarkable advancements, particularly your recent work on [Specific Company Achievement/Project], which I found truly inspiring.

My background includes extensive experience in [Key Area of Expertise 1] and [Key Area of Expertise 2], where I've consistently delivered [Quantifiable Result 1] and [Quantifiable Result 2]. For instance, in my previous role at [Previous Company], I led a project that [Brief Project Description] resulting in a [Significant Impact, e.g., 25% increase in efficiency]. I believe this experience could be highly relevant to your team's objectives, especially as you continue to [Company's Current Goal/Challenge].

I am particularly interested in the UI/UX Designer position at Government because [Reason for Interest in Role/Company]. I am confident that my skills in [Relevant Skill 1] and [Relevant Skill 2], coupled with my proactive approach to problem-solving, would enable me to make immediate and meaningful contributions.

I would be grateful for the opportunity to discuss how my capabilities align with your strategic vision and contribute to your continued success. Would you be open to a brief virtual coffee chat sometime next week to explore potential synergies?

Thank you for your time and consideration.

Sincerely,
[Your Name]
[Your Title]
[Your LinkedIn Profile (Optional)]
[Your Website/Portfolio (Optional)]"
SaaS,Product Manager,AI,"Subject: Innovative Solutions from a experienced Software Engineer for SaaS in AI

Dear Jessica,

My name is [Your Name], and I am a experienced Software Engineer specializing in developing innovative solutions within the dynamic AI sector. I've been following SaaS's trajectory with great interest, especially your recent success with [Specific Market Expansion/Product Launch].

My professional journey has provided me with a comprehensive skill set in [Technical Skill/Soft Skill 1] and [Technical Skill/Soft Skill 2]. I've had the privilege of working on projects that required [Specific Project Requirement], where I successfully [Action Taken] leading to [Positive Outcome]. This experience has instilled in me a strong capability for [Problem-Solving Approach] and [Strategic Thinking Trait].

I am particularly drawn to the Product Manager at SaaS because of [Specific Aspect of Role/Company Culture]. I am confident that my ability to [Unique Selling Proposition] combined with my dedication to [Professional Value] would make me an invaluable asset to your team.

I am keen to explore how my expertise can support SaaS's continued growth and innovation. Would you be open to a brief discussion to delve deeper into how my background aligns with your needs?

Thank you for your consideration.

Sincerely,
[Your Name]
[Your Professional Affiliation (if any)]"
SaaS,Marketing Specialist,Real Estate,"Subject: Exploring Synergies: experienced Software Engineer Expertise for SaaS in Real Estate

Dear David,

I hope this email finds you well. My name is [Your Name], and I am a experienced Software Engineer with a deep-seated passion for innovation within the Real Estate sector. I've been closely following SaaS's remarkable advancements, particularly your recent work on [Specific Company Achievement/Project], which I found truly inspiring.

My background includes extensive experience in [Key Area of Expertise 1] and [Key Area of Expertise 2], where I've consistently delivered [Quantifiable Result 1] and [Quantifiable Result 2]. For instance, in my previous role at [Previous Company], I led a project that [Brief Project Description] resulting in a [Significant Impact, e.g., 25% increase in efficiency]. I believe this experience could be highly relevant to your team's objectives, especially as you continue to [Company's Current Goal/Challenge].

I am particularly interested in the Marketing Specialist position at SaaS because [Reason for Interest in Role/Company]. I am confident that my skills in [Relevant Skill 1] and [Relevant Skill 2], coupled with my proactive approach to problem-solving, would enable me to make immediate and meaningful contributions.

I would be grateful for the opportunity to discuss how my capabilities align with your strategic vision and contribute to your continued success. Would you be open to a brief virtual coffee chat sometime next week to explore potential synergies?

Thank you for your time and consideration.

Sincerely,
[Your Name]
[Your Title]
[Your LinkedIn Profile (Optional)]
[Your Website/Portfolio (Optional)]"
Consulting,Business Development Manager,Telecommunications,"Subject: A insightful Financial Analyst's Perspective on Consulting's Telecommunications Leadership

Hello Michael,

I'm writing to you today as a insightful Financial Analyst who deeply admires Consulting's pioneering spirit in the Telecommunications landscape. Your commitment to [Company Value/Mission] truly resonates with my professional ethos, and I've been particularly impressed by [Specific Company Initiative/Product].

Throughout my career, I've honed my expertise in [Core Competency 1] and [Core Competency 2], consistently striving to [Professional Goal/Impact]. A notable achievement includes [Detailed Achievement Example], where I was responsible for [Specific Actions Taken] and achieved [Measurable Outcome]. This experience has equipped me with a robust understanding of [Relevant Industry Trend/Challenge] and how to navigate it effectively.

I envision myself contributing significantly to your team, particularly in the Business Development Manager capacity, by leveraging my abilities in [Skill Set 1] and [Skill Set 2] to [Desired Contribution]. I am eager to apply my strategic thinking and hands-on experience to help Consulting further solidify its position as a leader in the Telecommunications market.

I understand your time is valuable, but I believe a brief conversation could highlight how my unique skill set can add tangible value to your ongoing projects. Please let me know if you have any availability in the coming days.

Best regards,
[Your Name]
[Your Contact Information]"
Education,Operations Manager,Biotechnology,"Subject: Exploring Synergies: results-driven Marketing Specialist Expertise for Education in Biotechnology

Dear Michael,

I hope this email finds you well. My name is [Your Name], and I am a results-driven Marketing Specialist with a deep-seated passion for innovation within the Biotechnology sector. I've been closely following Education's remarkable advancements, particularly your recent work on [Specific Company Achievement/Project], which I found truly inspiring.

My background includes extensive experience in [Key Area of Expertise 1] and [Key Area of Expertise 2], where I've consistently delivered [Quantifiable Result 1] and [Quantifiable Result 2]. For instance, in my previous role at [Previous Company], I led a project that [Brief Project Description] resulting in a [Significant Impact, e.g., 25% increase in efficiency]. I believe this experience could be highly relevant to your team's objectives, especially as you continue to [Company's Current Goal/Challenge].

I am particularly interested in the Operations Manager position at Education because [Reason for Interest in Role/Company]. I am confident that my skills in [Relevant Skill 1] and [Relevant Skill 2], coupled with my proactive approach to problem-solving, would enable me to make immediate and meaningful contributions.

I would be grateful for the opportunity to discuss how my capabilities align with your strategic vision and contribute to your continued success. Would you be open to a brief virtual coffee chat sometime next week to explore potential synergies?

Thank you for your time and consideration.

Sincerely,
[Your Name]
[Your Title]
[Your LinkedIn Profile (Optional)]
[Your Website/Portfolio (Optional)]"
Education,Business Development Manager,AI,"Subject: Innovative Solutions from a dedicated HR Manager for Education in AI

Dear Ashley,

My name is [Your Name], and I am a dedicated HR Manager specializing in developing innovative solutions within the dynamic AI sector. I've been following Education's trajectory with great interest, especially your recent success with [Specific Market Expansion/Product Launch].

My professional journey has provided me with a comprehensive skill set in [Technical Skill/Soft Skill 1] and [Technical Skill/Soft Skill 2]. I've had the privilege of working on projects that required [Specific Project Requirement], where I successfully [Action Taken] leading to [Positive Outcome]. This experience has instilled in me a strong capability for [Problem-Solving Approach] and [Strategic Thinking Trait].

I am particularly drawn to the Business Development Manager at Education because of [Specific Aspect of Role/Company Culture]. I am confident that my ability to [Unique Selling Proposition] combined with my dedication to [Professional Value] would make me an invaluable asset to your team.

I am keen to explore how my expertise can support Education's continued growth and innovation. Would you be open to a brief discussion to delve deeper into how my background aligns with your needs?

Thank you for your consideration.

Sincerely,
[Your Name]
[Your Professional Affiliation (if any)]"
Healthcare,Business Development Manager,Biotechnology,"Subject: Exploring Synergies: experienced Software Engineer Expertise for Healthcare in Biotechnology

Dear Michael,

I hope this email finds you well. My name is [Your Name], and I am a experienced Software Engineer with a deep-seated passion for innovation within the Biotechnology sector. I've been closely following Healthcare's remarkable advancements, particularly your recent work on [Specific Company Achievement/Project], which I found truly inspiring.

My background includes extensive experience in [Key Area of Expertise 1] and [Key Area of Expertise 2], where I've consistently delivered [Quantifiable Result 1] and [Quantifiable Result 2]. For instance, in my previous role at [Previous Company], I led a project that [Brief Project Description] resulting in a [Significant Impact, e.g., 25% increase in efficiency]. I believe this experience could be highly relevant to your team's objectives, especially as you continue to [Company's Current Goal/Challenge].

I am particularly interested in the Business Development Manager position at Healthcare because [Reason for Interest in Role/Company]. I am confident that my skills in [Relevant Skill 1] and [Relevant Skill 2], coupled with my proactive approach to problem-solving, would enable me to make immediate and meaningful contributions.

I would be grateful for the opportunity to discuss how my capabilities align with your strategic vision and contribute to your continued success. Would you be open to a brief virtual coffee chat sometime next week to explore potential synergies?

Thank you for your time and consideration.

Sincerely,
[Your Name]
[Your Title]
[Your LinkedIn Profile (Optional)]
[Your Website/Portfolio (Optional)]"
Consulting,UI/UX Designer,Education,"Subject: A efficient Operations Manager's Perspective on Consulting's Education Leadership

Hello David,

I'm writing to you today as a efficient Operations Manager who deeply admires Consulting's pioneering spirit in the Education landscape. Your commitment to [Company Value/Mission] truly resonates with my professional ethos, and I've been particularly impressed by [Specific Company Initiative/Product].

Throughout my career, I've honed my expertise in [Core Competency 1] and [Core Competency 2], consistently striving to [Professional Goal/Impact]. A notable achievement includes [Detailed Achievement Example], where I was responsible for [Specific Actions Taken] and achieved [Measurable Outcome]. This experience has equipped me with a robust understanding of [Relevant Industry Trend/Challenge] and how to navigate it effectively.

I envision myself contributing significantly to your team, particularly in the UI/UX Designer capacity, by leveraging my abilities in [Skill Set 1] and [Skill Set 2] to [Desired Contribution]. I am eager to apply my strategic thinking and hands-on experience to help Consulting further solidify its position as a leader in the Education market.

I understand your time is valuable, but I believe a brief conversation could highlight how my unique skill set can add tangible value to your ongoing projects. Please let me know if you have any availability in the coming days.

Best regards,
[Your Name]
[Your Contact Information]"
E-commerce,Software Engineer,AI,"Subject: Exploring Synergies: experienced Software Engineer Expertise for E-commerce in AI

Dear Sarah,

I hope this email finds you well. My name is [Your Name], and I am a experienced Software Engineer with a deep-seated passion for innovation within the AI sector. I've been closely following E-commerce's remarkable advancements, particularly your recent work on [Specific Company Achievement/Project], which I found truly inspiring.

My background includes extensive experience in [Key Area of Expertise 1] and [Key Area of Expertise 2], where I've consistently delivered [Quantifiable Result 1] and [Quantifiable Result 2]. For instance, in my previous role at [Previous Company], I led a project that [Brief Project Description] resulting in a [Significant Impact, e.g., 25% increase in efficiency]. I believe this experience could be highly relevant to your team's objectives, especially as you continue to [Company's Current Goal/Challenge].

I am particularly interested in the Software Engineer position at E-commerce because [Reason for Interest in Role/Company]. I am confident that my skills in [Relevant Skill 1] and [Relevant Skill 2], coupled with my proactive approach to problem-solving, would enable me to make immediate and meaningful contributions.

I would be grateful for the opportunity to discuss how my capabilities align with your strategic vision and contribute to your continued success. Would you be open to a brief virtual coffee chat sometime next week to explore potential synergies?

Thank you for your time and consideration.

Sincerely,
[Your Name]
[Your Title]
[Your LinkedIn Profile (Optional)]
[Your Website/Portfolio (Optional)]"
Enterprise,Operations Manager,AI,"Subject: Exploring Synergies: proactive Sales Representative Expertise for Enterprise in AI

Dear Sarah,

I hope this email finds you well. My name is [Your Name], and I am a proactive Sales Representative with a deep-seated passion for innovation within the AI sector. I've been closely following Enterprise's remarkable advancements, particularly your recent work on [Specific Company Achievement/Project], which I found truly inspiring.

My background includes extensive experience in [Key Area of Expertise 1] and [Key Area of Expertise 2], where I've consistently delivered [Quantifiable Result 1] and [Quantifiable Result 2]. For instance, in my previous role at [Previous Company], I led a project that [Brief Project Description] resulting in a [Significant Impact, e.g., 25% increase in efficiency]. I believe this experience could be highly relevant to your team's objectives, especially as you continue to [Company's Current Goal/Challenge].

I am particularly interested in the Operations Manager position at Enterprise because [Reason for Interest in Role/Company]. I am confident that my skills in [Relevant Skill 1] and [Relevant Skill 2], coupled with my proactive approach to problem-solving, would enable me to make immediate and meaningful contributions.

I would be grateful for the opportunity to discuss how my capabilities align with your strategic vision and contribute to your continued success. Would you be open to a brief virtual coffee chat sometime next week to explore potential synergies?

Thank you for your time and consideration.

Sincerely,
[Your Name]
[Your Title]
[Your LinkedIn Profile (Optional)]
[Your Website/Portfolio (Optional)]"
SaaS,Software Engineer,Telecommunications,"Subject: A results-driven Marketing Specialist's Perspective on SaaS's Telecommunications Leadership

Hello Sarah,

I'm writing to you today as a results-driven Marketing Specialist who deeply admires SaaS's pioneering spirit in the Telecommunications landscape. Your commitment to [Company Value/Mission] truly resonates with my professional ethos, and I've been particularly impressed by [Specific Company Initiative/Product].

Throughout my career, I've honed my expertise in [Core Competency 1] and [Core Competency 2], consistently striving to [Professional Goal/Impact]. A notable achievement includes [Detailed Achievement Example], where I was responsible for [Specific Actions Taken] and achieved [Measurable Outcome]. This experience has equipped me with a robust understanding of [Relevant Industry Trend/Challenge] and how to navigate it effectively.

I envision myself contributing significantly to your team, particularly in the Software Engineer capacity, by leveraging my abilities in [Skill Set 1] and [Skill Set 2] to [Desired Contribution]. I am eager to apply my strategic thinking and hands-on experience to help SaaS further solidify its position as a leader in the Telecommunications market.

I understand your time is valuable, but I believe a brief conversation could highlight how my unique skill set can add tangible value to your ongoing projects. Please let me know if you have any availability in the coming days.

Best regards,
[Your Name]
[Your Contact Information]"
Education,Marketing Specialist,Automotive,"Subject: A efficient Operations Manager's Perspective on Education's Automotive Leadership

Hello Matthew,

I'm writing to you today as a efficient Operations Manager who deeply admires Education's pioneering spirit in the Automotive landscape. Your commitment to [Company Value/Mission] truly resonates with my professional ethos, and I've been particularly impressed by [Specific Company Initiative/Product].

Throughout my career, I've honed my expertise in [Core Competency 1] and [Core Competency 2], consistently striving to [Professional Goal/Impact]. A notable achievement includes [Detailed Achievement Example], where I was responsible for [Specific Actions Taken] and achieved [Measurable Outcome]. This experience has equipped me with a robust understanding of [Relevant Industry Trend/Challenge] and how to navigate it effectively.

I envision myself contributing significantly to your team, particularly in the Marketing Specialist capacity, by leveraging my abilities in [Skill Set 1] and [Skill Set 2] to [Desired Contribution]. I am eager to apply my strategic thinking and hands-on experience to help Education further solidify its position as a leader in the Automotive market.

I understand your time is valuable, but I believe a brief conversation could highlight how my unique skill set can add tangible value to your ongoing projects. Please let me know if you have any availability in the coming days.

Best regards,
[Your Name]
[Your Contact Information]"
Education,Marketing Specialist,Automotive,"Subject: A dynamic Business Development Manager's Perspective on Education's Automotive Leadership

Hello Jessica,

I'm writing to you today as a dynamic Business Development Manager who deeply admires Education's pioneering spirit in the Automotive landscape. Your commitment to [Company Value/Mission] truly resonates with my professional ethos, and I've been particularly impressed by [Specific Company Initiative/Product].

Throughout my career, I've honed my expertise in [Core Competency 1] and [Core Competency 2], consistently striving to [Professional Goal/Impact]. A notable achievement includes [Detailed Achievement Example], where I was responsible for [Specific Actions Taken] and achieved [Measurable Outcome]. This experience has equipped me with a robust understanding of [Relevant Industry Trend/Challenge] and how to navigate it effectively.

I envision myself contributing significantly to your team, particularly in the Marketing Specialist capacity, by leveraging my abilities in [Skill Set 1] and [Skill Set 2] to [Desired Contribution]. I am eager to apply my strategic thinking and hands-on experience to help Education further solidify its position as a leader in the Automotive market.

I understand your time is valuable, but I believe a brief conversation could highlight how my unique skill set can add tangible value to your ongoing projects. Please let me know if you have any availability in the coming days.

Best regards,
[Your Name]
[Your Contact Information]"
Government,Financial Analyst,Manufacturing,"Subject: A creative UI/UX Designer's Perspective on Government's Manufacturing Leadership

Hello Chris,

I'm writing to you today as a creative UI/UX Designer who deeply admires Government's pioneering spirit in the Manufacturing landscape. Your commitment to [Company Value/Mission] truly resonates with my professional ethos, and I've been particularly impressed by [Specific Company Initiative/Product].

Throughout my career, I've honed my expertise in [Core Competency 1] and [Core Competency 2], consistently striving to [Professional Goal/Impact]. A notable achievement includes [Detailed Achievement Example], where I was responsible for [Specific Actions Taken] and achieved [Measurable Outcome]. This experience has equipped me with a robust understanding of [Relevant Industry Trend/Challenge] and how to navigate it effectively.

I envision myself contributing significantly to your team, particularly in the Financial Analyst capacity, by leveraging my abilities in [Skill Set 1] and [Skill Set 2] to [Desired Contribution]. I am eager to apply my strategic thinking and hands-on experience to help Government further solidify its position as a leader in the Manufacturing market.

I understand your time is valuable, but I believe a brief conversation could highlight how my unique skill set can add tangible value to your ongoing projects. Please let me know if you have any availability in the coming days.

Best regards,
[Your Name]
[Your Contact Information]"
E-commerce,UI/UX Designer,Education,"Subject: Exploring Synergies: results-driven Marketing Specialist Expertise for E-commerce in Education

Dear Jane,

I hope this email finds you well. My name is [Your Name], and I am a results-driven Marketing Specialist with a deep-seated passion for innovation within the Education sector. I've been closely following E-commerce's remarkable advancements, particularly your recent work on [Specific Company Achievement/Project], which I found truly inspiring.

My background includes extensive experience in [Key Area of Expertise 1] and [Key Area of Expertise 2], where I've consistently delivered [Quantifiable Result 1] and [Quantifiable Result 2]. For instance, in my previous role at [Previous Company], I led a project that [Brief Project Description] resulting in a [Significant Impact, e.g., 25% increase in efficiency]. I believe this experience could be highly relevant to your team's objectives, especially as you continue to [Company's Current Goal/Challenge].

I am particularly interested in the UI/UX Designer position at E-commerce because [Reason for Interest in Role/Company]. I am confident that my skills in [Relevant Skill 1] and [Relevant Skill 2], coupled with my proactive approach to problem-solving, would enable me to make immediate and meaningful contributions.

I would be grateful for the opportunity to discuss how my capabilities align with your strategic vision and contribute to your continued success. Would you be open to a brief virtual coffee chat sometime next week to explore potential synergies?

Thank you for your time and consideration.

Sincerely,
[Your Name]
[Your Title]
[Your LinkedIn Profile (Optional)]
[Your Website/Portfolio (Optional)]"
Consulting,UI/UX Designer,Real Estate,"Subject: Exploring Synergies: efficient Operations Manager Expertise for Consulting in Real Estate

Dear David,

I hope this email finds you well. My name is [Your Name], and I am a efficient Operations Manager with a deep-seated passion for innovation within the Real Estate sector. I've been closely following Consulting's remarkable advancements, particularly your recent work on [Specific Company Achievement/Project], which I found truly inspiring.

My background includes extensive experience in [Key Area of Expertise 1] and [Key Area of Expertise 2], where I've consistently delivered [Quantifiable Result 1] and [Quantifiable Result 2]. For instance, in my previous role at [Previous Company], I led a project that [Brief Project Description] resulting in a [Significant Impact, e.g., 25% increase in efficiency]. I believe this experience could be highly relevant to your team's objectives, especially as you continue to [Company's Current Goal/Challenge].

I am particularly interested in the UI/UX Designer position at Consulting because [Reason for Interest in Role/Company]. I am confident that my skills in [Relevant Skill 1] and [Relevant Skill 2], coupled with my proactive approach to problem-solving, would enable me to make immediate and meaningful contributions.

I would be grateful for the opportunity to discuss how my capabilities align with your strategic vision and contribute to your continued success. Would you be open to a brief virtual coffee chat sometime next week to explore potential synergies?

Thank you for your time and consideration.

Sincerely,
[Your Name]
[Your Title]
[Your LinkedIn Profile (Optional)]
[Your Website/Portfolio (Optional)]"
Enterprise,HR Manager,Finance,"Subject: A results-driven Marketing Specialist's Perspective on Enterprise's Finance Leadership

Hello Chris,

I'm writing to you today as a results-driven Marketing Specialist who deeply admires Enterprise's pioneering spirit in the Finance landscape. Your commitment to [Company Value/Mission] truly resonates with my professional ethos, and I've been particularly impressed by [Specific Company Initiative/Product].

Throughout my career, I've honed my expertise in [Core Competency 1] and [Core Competency 2], consistently striving to [Professional Goal/Impact]. A notable achievement includes [Detailed Achievement Example], where I was responsible for [Specific Actions Taken] and achieved [Measurable Outcome]. This experience has equipped me with a robust understanding of [Relevant Industry Trend/Challenge] and how to navigate it effectively.

I envision myself contributing significantly to your team, particularly in the HR Manager capacity, by leveraging my abilities in [Skill Set 1] and [Skill Set 2] to [Desired Contribution]. I am eager to apply my strategic thinking and hands-on experience to help Enterprise further solidify its position as a leader in the Finance market.

I understand your time is valuable, but I believe a brief conversation could highlight how my unique skill set can add tangible value to your ongoing projects. Please let me know if you have any availability in the coming days.

Best regards,
[Your Name]
[Your Contact Information]"
Government,Business Development Manager,Telecommunications,"Subject: A creative UI/UX Designer's Perspective on Government's Telecommunications Leadership

Hello Sarah,

I'm writing to you today as a creative UI/UX Designer who deeply admires Government's pioneering spirit in the Telecommunications landscape. Your commitment to [Company Value/Mission] truly resonates with my professional ethos, and I've been particularly impressed by [Specific Company Initiative/Product].

Throughout my career, I've honed my expertise in [Core Competency 1] and [Core Competency 2], consistently striving to [Professional Goal/Impact]. A notable achievement includes [Detailed Achievement Example], where I was responsible for [Specific Actions Taken] and achieved [Measurable Outcome]. This experience has equipped me with a robust understanding of [Relevant Industry Trend/Challenge] and how to navigate it effectively.

I envision myself contributing significantly to your team, particularly in the Business Development Manager capacity, by leveraging my abilities in [Skill Set 1] and [Skill Set 2] to [Desired Contribution]. I am eager to apply my strategic thinking and hands-on experience to help Government further solidify its position as a leader in the Telecommunications market.

I understand your time is valuable, but I believe a brief conversation could highlight how my unique skill set can add tangible value to your ongoing projects. Please let me know if you have any availability in the coming days.

Best regards,
[Your Name]
[Your Contact Information]"
Enterprise,Data Scientist,Telecommunications,"Subject: Innovative Solutions from a creative UI/UX Designer for Enterprise in Telecommunications

Dear Matthew,

My name is [Your Name], and I am a creative UI/UX Designer specializing in developing innovative solutions within the dynamic Telecommunications sector. I've been following Enterprise's trajectory with great interest, especially your recent success with [Specific Market Expansion/Product Launch].

My professional journey has provided me with a comprehensive skill set in [Technical Skill/Soft Skill 1] and [Technical Skill/Soft Skill 2]. I've had the privilege of working on projects that required [Specific Project Requirement], where I successfully [Action Taken] leading to [Positive Outcome]. This experience has instilled in me a strong capability for [Problem-Solving Approach] and [Strategic Thinking Trait].

I am particularly drawn to the Data Scientist at Enterprise because of [Specific Aspect of Role/Company Culture]. I am confident that my ability to [Unique Selling Proposition] combined with my dedication to [Professional Value] would make me an invaluable asset to your team.

I am keen to explore how my expertise can support Enterprise's continued growth and innovation. Would you be open to a brief discussion to delve deeper into how my background aligns with your needs?

Thank you for your consideration.

Sincerely,
[Your Name]
[Your Professional Affiliation (if any)]"
SaaS,Data Scientist,Education,"Subject: Exploring Synergies: innovative Data Scientist Expertise for SaaS in Education

Dear Matthew,

I hope this email finds you well. My name is [Your Name], and I am a innovative Data Scientist with a deep-seated passion for innovation within the Education sector. I've been closely following SaaS's remarkable advancements, particularly your recent work on [Specific Company Achievement/Project], which I found truly inspiring.

My background includes extensive experience in [Key Area of Expertise 1] and [Key Area of Expertise 2], where I've consistently delivered [Quantifiable Result 1] and [Quantifiable Result 2]. For instance, in my previous role at [Previous Company], I led a project that [Brief Project Description] resulting in a [Significant Impact, e.g., 25% increase in efficiency]. I believe this experience could be highly relevant to your team's objectives, especially as you continue to [Company's Current Goal/Challenge].

I am particularly interested in the Data Scientist position at SaaS because [Reason for Interest in Role/Company]. I am confident that my skills in [Relevant Skill 1] and [Relevant Skill 2], coupled with my proactive approach to problem-solving, would enable me to make immediate and meaningful contributions.

I would be grateful for the opportunity to discuss how my capabilities align with your strategic vision and contribute to your continued success. Would you be open to a brief virtual coffee chat sometime next week to explore potential synergies?

Thank you for your time and consideration.

Sincerely,
[Your Name]
[Your Title]
[Your LinkedIn Profile (Optional)]
[Your Website/Portfolio (Optional)]"
Enterprise,HR Manager,Telecommunications,"Subject: Exploring Synergies: experienced Software Engineer Expertise for Enterprise in Telecommunications

Dear Jessica,

I hope this email finds you well. My name is [Your Name], and I am a experienced Software Engineer with a deep-seated passion for innovation within the Telecommunications sector. I've been closely following Enterprise's remarkable advancements, particularly your recent work on [Specific Company Achievement/Project], which I found truly inspiring.

My background includes extensive experience in [Key Area of Expertise 1] and [Key Area of Expertise 2], where I've consistently delivered [Quantifiable Result 1] and [Quantifiable Result 2]. For instance, in my previous role at [Previous Company], I led a project that [Brief Project Description] resulting in a [Significant Impact, e.g., 25% increase in efficiency]. I believe this experience could be highly relevant to your team's objectives, especially as you continue to [Company's Current Goal/Challenge].

I am particularly interested in the HR Manager position at Enterprise because [Reason for Interest in Role/Company]. I am confident that my skills in [Relevant Skill 1] and [Relevant Skill 2], coupled with my proactive approach to problem-solving, would enable me to make immediate and meaningful contributions.

I would be grateful for the opportunity to discuss how my capabilities align with your strategic vision and contribute to your continued success. Would you be open to a brief virtual coffee chat sometime next week to explore potential synergies?

Thank you for your time and consideration.

Sincerely,
[Your Name]
[Your Title]
[Your LinkedIn Profile (Optional)]
[Your Website/Portfolio (Optional)]"
E-commerce,Operations Manager,Finance,"Subject: Innovative Solutions from a experienced Software Engineer for E-commerce in Finance

Dear Michael,

My name is [Your Name], and I am a experienced Software Engineer specializing in developing innovative solutions within the dynamic Finance sector. I've been following E-commerce's trajectory with great interest, especially your recent success with [Specific Market Expansion/Product Launch].

My professional journey has provided me with a comprehensive skill set in [Technical Skill/Soft Skill 1] and [Technical Skill/Soft Skill 2]. I've had the privilege of working on projects that required [Specific Project Requirement], where I successfully [Action Taken] leading to [Positive Outcome]. This experience has instilled in me a strong capability for [Problem-Solving Approach] and [Strategic Thinking Trait].

I am particularly drawn to the Operations Manager at E-commerce because of [Specific Aspect of Role/Company Culture]. I am confident that my ability to [Unique Selling Proposition] combined with my dedication to [Professional Value] would make me an invaluable asset to your team.

I am keen to explore how my expertise can support E-commerce's continued growth and innovation. Would you be open to a brief discussion to delve deeper into how my background aligns with your needs?

Thank you for your consideration.

Sincerely,
[Your Name]
[Your Professional Affiliation (if any)]"
E-commerce,Marketing Specialist,Manufacturing,"Subject: A insightful Financial Analyst's Perspective on E-commerce's Manufacturing Leadership

Hello Emily,

I'm writing to you today as a insightful Financial Analyst who deeply admires E-commerce's pioneering spirit in the Manufacturing landscape. Your commitment to [Company Value/Mission] truly resonates with my professional ethos, and I've been particularly impressed by [Specific Company Initiative/Product].

Throughout my career, I've honed my expertise in [Core Competency 1] and [Core Competency 2], consistently striving to [Professional Goal/Impact]. A notable achievement includes [Detailed Achievement Example], where I was responsible for [Specific Actions Taken] and achieved [Measurable Outcome]. This experience has equipped me with a robust understanding of [Relevant Industry Trend/Challenge] and how to navigate it effectively.

I envision myself contributing significantly to your team, particularly in the Marketing Specialist capacity, by leveraging my abilities in [Skill Set 1] and [Skill Set 2] to [Desired Contribution]. I am eager to apply my strategic thinking and hands-on experience to help E-commerce further solidify its position as a leader in the Manufacturing market.

I understand your time is valuable, but I believe a brief conversation could highlight how my unique skill set can add tangible value to your ongoing projects. Please let me know if you have any availability in the coming days.

Best regards,
[Your Name]
[Your Contact Information]"
Startup,Product Manager,Education,"Subject: Exploring Synergies: innovative Data Scientist Expertise for Startup in Education

Dear Jessica,

I hope this email finds you well. My name is [Your Name], and I am a innovative Data Scientist with a deep-seated passion for innovation within the Education sector. I've been closely following Startup's remarkable advancements, particularly your recent work on [Specific Company Achievement/Project], which I found truly inspiring.

My background includes extensive experience in [Key Area of Expertise 1] and [Key Area of Expertise 2], where I've consistently delivered [Quantifiable Result 1] and [Quantifiable Result 2]. For instance, in my previous role at [Previous Company], I led a project that [Brief Project Description] resulting in a [Significant Impact, e.g., 25% increase in efficiency]. I believe this experience could be highly relevant to your team's objectives, especially as you continue to [Company's Current Goal/Challenge].

I am particularly interested in the Product Manager position at Startup because [Reason for Interest in Role/Company]. I am confident that my skills in [Relevant Skill 1] and [Relevant Skill 2], coupled with my proactive approach to problem-solving, would enable me to make immediate and meaningful contributions.

I would be grateful for the opportunity to discuss how my capabilities align with your strategic vision and contribute to your continued success. Would you be open to a brief virtual coffee chat sometime next week to explore potential synergies?

Thank you for your time and consideration.

Sincerely,
[Your Name]
[Your Title]
[Your LinkedIn Profile (Optional)]
[Your Website/Portfolio (Optional)]"
Government,HR Manager,Telecommunications,"Subject: Innovative Solutions from a dynamic Business Development Manager for Government in Telecommunications

Dear Michael,

My name is [Your Name], and I am a dynamic Business Development Manager specializing in developing innovative solutions within the dynamic Telecommunications sector. I've been following Government's trajectory with great interest, especially your recent success with [Specific Market Expansion/Product Launch].

My professional journey has provided me with a comprehensive skill set in [Technical Skill/Soft Skill 1] and [Technical Skill/Soft Skill 2]. I've had the privilege of working on projects that required [Specific Project Requirement], where I successfully [Action Taken] leading to [Positive Outcome]. This experience has instilled in me a strong capability for [Problem-Solving Approach] and [Strategic Thinking Trait].

I am particularly drawn to the HR Manager at Government because of [Specific Aspect of Role/Company Culture]. I am confident that my ability to [Unique Selling Proposition] combined with my dedication to [Professional Value] would make me an invaluable asset to your team.

I am keen to explore how my expertise can support Government's continued growth and innovation. Would you be open to a brief discussion to delve deeper into how my background aligns with your needs?

Thank you for your consideration.

Sincerely,
[Your Name]
[Your Professional Affiliation (if any)]"
Non-profit,Financial Analyst,AI,"Subject: A innovative Data Scientist's Perspective on Non-profit's AI Leadership

Hello Michael,

I'm writing to you today as a innovative Data Scientist who deeply admires Non-profit's pioneering spirit in the AI landscape. Your commitment to [Company Value/Mission] truly resonates with my professional ethos, and I've been particularly impressed by [Specific Company Initiative/Product].

Throughout my career, I've honed my expertise in [Core Competency 1] and [Core Competency 2], consistently striving to [Professional Goal/Impact]. A notable achievement includes [Detailed Achievement Example], where I was responsible for [Specific Actions Taken] and achieved [Measurable Outcome]. This experience has equipped me with a robust understanding of [Relevant Industry Trend/Challenge] and how to navigate it effectively.

I envision myself contributing significantly to your team, particularly in the Financial Analyst capacity, by leveraging my abilities in [Skill Set 1] and [Skill Set 2] to [Desired Contribution]. I am eager to apply my strategic thinking and hands-on experience to help Non-profit further solidify its position as a leader in the AI market.

I understand your time is valuable, but I believe a brief conversation could highlight how my unique skill set can add tangible value to your ongoing projects. Please let me know if you have any availability in the coming days.

Best regards,
[Your Name]
[Your Contact Information]"
Consulting,Marketing Specialist,Manufacturing,"Subject: Innovative Solutions from a efficient Operations Manager for Consulting in Manufacturing

Dear Ashley,

My name is [Your Name], and I am a efficient Operations Manager specializing in developing innovative solutions within the dynamic Manufacturing sector. I've been following Consulting's trajectory with great interest, especially your recent success with [Specific Market Expansion/Product Launch].

My professional journey has provided me with a comprehensive skill set in [Technical Skill/Soft Skill 1] and [Technical Skill/Soft Skill 2]. I've had the privilege of working on projects that required [Specific Project Requirement], where I successfully [Action Taken] leading to [Positive Outcome]. This experience has instilled in me a strong capability for [Problem-Solving Approach] and [Strategic Thinking Trait].

I am particularly drawn to the Marketing Specialist at Consulting because of [Specific Aspect of Role/Company Culture]. I am confident that my ability to [Unique Selling Proposition] combined with my dedication to [Professional Value] would make me an invaluable asset to your team.

I am keen to explore how my expertise can support Consulting's continued growth and innovation. Would you be open to a brief discussion to delve deeper into how my background aligns with your needs?

Thank you for your consideration.

Sincerely,
[Your Name]
[Your Professional Affiliation (if any)]"
Non-profit,Financial Analyst,Education,"Subject: A efficient Operations Manager's Perspective on Non-profit's Education Leadership

Hello Sarah,

I'm writing to you today as a efficient Operations Manager who deeply admires Non-profit's pioneering spirit in the Education landscape. Your commitment to [Company Value/Mission] truly resonates with my professional ethos, and I've been particularly impressed by [Specific Company Initiative/Product].

Throughout my career, I've honed my expertise in [Core Competency 1] and [Core Competency 2], consistently striving to [Professional Goal/Impact]. A notable achievement includes [Detailed Achievement Example], where I was responsible for [Specific Actions Taken] and achieved [Measurable Outcome]. This experience has equipped me with a robust understanding of [Relevant Industry Trend/Challenge] and how to navigate it effectively.

I envision myself contributing significantly to your team, particularly in the Financial Analyst capacity, by leveraging my abilities in [Skill Set 1] and [Skill Set 2] to [Desired Contribution]. I am eager to apply my strategic thinking and hands-on experience to help Non-profit further solidify its position as a leader in the Education market.

I understand your time is valuable, but I believe a brief conversation could highlight how my unique skill set can add tangible value to your ongoing projects. Please let me know if you have any availability in the coming days.

Best regards,
[Your Name]
[Your Contact Information]"
Fintech,Business Development Manager,AI,"Subject: Exploring Synergies: creative UI/UX Designer Expertise for Fintech in AI

Dear Sarah,

I hope this email finds you well. My name is [Your Name], and I am a creative UI/UX Designer with a deep-seated passion for innovation within the AI sector. I've been closely following Fintech's remarkable advancements, particularly your recent work on [Specific Company Achievement/Project], which I found truly inspiring.

My background includes extensive experience in [Key Area of Expertise 1] and [Key Area of Expertise 2], where I've consistently delivered [Quantifiable Result 1] and [Quantifiable Result 2]. For instance, in my previous role at [Previous Company], I led a project that [Brief Project Description] resulting in a [Significant Impact, e.g., 25% increase in efficiency]. I believe this experience could be highly relevant to your team's objectives, especially as you continue to [Company's Current Goal/Challenge].

I am particularly interested in the Business Development Manager position at Fintech because [Reason for Interest in Role/Company]. I am confident that my skills in [Relevant Skill 1] and [Relevant Skill 2], coupled with my proactive approach to problem-solving, would enable me to make immediate and meaningful contributions.

I would be grateful for the opportunity to discuss how my capabilities align with your strategic vision and contribute to your continued success. Would you be open to a brief virtual coffee chat sometime next week to explore potential synergies?

Thank you for your time and consideration.

Sincerely,
[Your Name]
[Your Title]
[Your LinkedIn Profile (Optional)]
[Your Website/Portfolio (Optional)]"
Enterprise,Marketing Specialist,Real Estate,"Subject: Exploring Synergies: results-driven Marketing Specialist Expertise for Enterprise in Real Estate

Dear John,

I hope this email finds you well. My name is [Your Name], and I am a results-driven Marketing Specialist with a deep-seated passion for innovation within the Real Estate sector. I've been closely following Enterprise's remarkable advancements, particularly your recent work on [Specific Company Achievement/Project], which I found truly inspiring.

My background includes extensive experience in [Key Area of Expertise 1] and [Key Area of Expertise 2], where I've consistently delivered [Quantifiable Result 1] and [Quantifiable Result 2]. For instance, in my previous role at [Previous Company], I led a project that [Brief Project Description] resulting in a [Significant Impact, e.g., 25% increase in efficiency]. I believe this experience could be highly relevant to your team's objectives, especially as you continue to [Company's Current Goal/Challenge].

I am particularly interested in the Marketing Specialist position at Enterprise because [Reason for Interest in Role/Company]. I am confident that my skills in [Relevant Skill 1] and [Relevant Skill 2], coupled with my proactive approach to problem-solving, would enable me to make immediate and meaningful contributions.

I would be grateful for the opportunity to discuss how my capabilities align with your strategic vision and contribute to your continued success. Would you be open to a brief virtual coffee chat sometime next week to explore potential synergies?

Thank you for your time and consideration.

Sincerely,
[Your Name]
[Your Title]
[Your LinkedIn Profile (Optional)]
[Your Website/Portfolio (Optional)]"
Consulting,Financial Analyst,Finance,"Subject: Exploring Synergies: strategic Product Manager Expertise for Consulting in Finance

Dear Michael,

I hope this email finds you well. My name is [Your Name], and I am a strategic Product Manager with a deep-seated passion for innovation within the Finance sector. I've been closely following Consulting's remarkable advancements, particularly your recent work on [Specific Company Achievement/Project], which I found truly inspiring.

My background includes extensive experience in [Key Area of Expertise 1] and [Key Area of Expertise 2], where I've consistently delivered [Quantifiable Result 1] and [Quantifiable Result 2]. For instance, in my previous role at [Previous Company], I led a project that [Brief Project Description] resulting in a [Significant Impact, e.g., 25% increase in efficiency]. I believe this experience could be highly relevant to your team's objectives, especially as you continue to [Company's Current Goal/Challenge].

I am particularly interested in the Financial Analyst position at Consulting because [Reason for Interest in Role/Company]. I am confident that my skills in [Relevant Skill 1] and [Relevant Skill 2], coupled with my proactive approach to problem-solving, would enable me to make immediate and meaningful contributions.

I would be grateful for the opportunity to discuss how my capabilities align with your strategic vision and contribute to your continued success. Would you be open to a brief virtual coffee chat sometime next week to explore potential synergies?

Thank you for your time and consideration.

Sincerely,
[Your Name]
[Your Title]
[Your LinkedIn Profile (Optional)]
[Your Website/Portfolio (Optional)]"
E-commerce,Marketing Specialist,Education,"Subject: Exploring Synergies: efficient Operations Manager Expertise for E-commerce in Education

Dear John,

I hope this email finds you well. My name is [Your Name], and I am a efficient Operations Manager with a deep-seated passion for innovation within the Education sector. I've been closely following E-commerce's remarkable advancements, particularly your recent work on [Specific Company Achievement/Project], which I found truly inspiring.

My background includes extensive experience in [Key Area of Expertise 1] and [Key Area of Expertise 2], where I've consistently delivered [Quantifiable Result 1] and [Quantifiable Result 2]. For instance, in my previous role at [Previous Company], I led a project that [Brief Project Description] resulting in a [Significant Impact, e.g., 25% increase in efficiency]. I believe this experience could be highly relevant to your team's objectives, especially as you continue to [Company's Current Goal/Challenge].

I am particularly interested in the Marketing Specialist position at E-commerce because [Reason for Interest in Role/Company]. I am confident that my skills in [Relevant Skill 1] and [Relevant Skill 2], coupled with my proactive approach to problem-solving, would enable me to make immediate and meaningful contributions.

I would be grateful for the opportunity to discuss how my capabilities align with your strategic vision and contribute to your continued success. Would you be open to a brief virtual coffee chat sometime next week to explore potential synergies?

Thank you for your time and consideration.

Sincerely,
[Your Name]
[Your Title]
[Your LinkedIn Profile (Optional)]
[Your Website/Portfolio (Optional)]"
Education,Operations Manager,Real Estate,"Subject: A insightful Financial Analyst's Perspective on Education's Real Estate Leadership

Hello Jane,

I'm writing to you today as a insightful Financial Analyst who deeply admires Education's pioneering spirit in the Real Estate landscape. Your commitment to [Company Value/Mission] truly resonates with my professional ethos, and I've been particularly impressed by [Specific Company Initiative/Product].

Throughout my career, I've honed my expertise in [Core Competency 1] and [Core Competency 2], consistently striving to [Professional Goal/Impact]. A notable achievement includes [Detailed Achievement Example], where I was responsible for [Specific Actions Taken] and achieved [Measurable Outcome]. This experience has equipped me with a robust understanding of [Relevant Industry Trend/Challenge] and how to navigate it effectively.

I envision myself contributing significantly to your team, particularly in the Operations Manager capacity, by leveraging my abilities in [Skill Set 1] and [Skill Set 2] to [Desired Contribution]. I am eager to apply my strategic thinking and hands-on experience to help Education further solidify its position as a leader in the Real Estate market.

I understand your time is valuable, but I believe a brief conversation could highlight how my unique skill set can add tangible value to your ongoing projects. Please let me know if you have any availability in the coming days.

Best regards,
[Your Name]
[Your Contact Information]"
Fintech,HR Manager,Retail,"Subject: A innovative Data Scientist's Perspective on Fintech's Retail Leadership

Hello Emily,

I'm writing to you today as a innovative Data Scientist who deeply admires Fintech's pioneering spirit in the Retail landscape. Your commitment to [Company Value/Mission] truly resonates with my professional ethos, and I've been particularly impressed by [Specific Company Initiative/Product].

Throughout my career, I've honed my expertise in [Core Competency 1] and [Core Competency 2], consistently striving to [Professional Goal/Impact]. A notable achievement includes [Detailed Achievement Example], where I was responsible for [Specific Actions Taken] and achieved [Measurable Outcome]. This experience has equipped me with a robust understanding of [Relevant Industry Trend/Challenge] and how to navigate it effectively.

I envision myself contributing significantly to your team, particularly in the HR Manager capacity, by leveraging my abilities in [Skill Set 1] and [Skill Set 2] to [Desired Contribution]. I am eager to apply my strategic thinking and hands-on experience to help Fintech further solidify its position as a leader in the Retail market.

I understand your time is valuable, but I believe a brief conversation could highlight how my unique skill set can add tangible value to your ongoing projects. Please let me know if you have any availability in the coming days.

Best regards,
[Your Name]
[Your Contact Information]"
SaaS,Product Manager,Automotive,"Subject: Exploring Synergies: creative UI/UX Designer Expertise for SaaS in Automotive

Dear Ashley,

I hope this email finds you well. My name is [Your Name], and I am a creative UI/UX Designer with a deep-seated passion for innovation within the Automotive sector. I've been closely following SaaS's remarkable advancements, particularly your recent work on [Specific Company Achievement/Project], which I found truly inspiring.

My background includes extensive experience in [Key Area of Expertise 1] and [Key Area of Expertise 2], where I've consistently delivered [Quantifiable Result 1] and [Quantifiable Result 2]. For instance, in my previous role at [Previous Company], I led a project that [Brief Project Description] resulting in a [Significant Impact, e.g., 25% increase in efficiency]. I believe this experience could be highly relevant to your team's objectives, especially as you continue to [Company's Current Goal/Challenge].

I am particularly interested in the Product Manager position at SaaS because [Reason for Interest in Role/Company]. I am confident that my skills in [Relevant Skill 1] and [Relevant Skill 2], coupled with my proactive approach to problem-solving, would enable me to make immediate and meaningful contributions.

I would be grateful for the opportunity to discuss how my capabilities align with your strategic vision and contribute to your continued success. Would you be open to a brief virtual coffee chat sometime next week to explore potential synergies?

Thank you for your time and consideration.

Sincerely,
[Your Name]
[Your Title]
[Your LinkedIn Profile (Optional)]
[Your Website/Portfolio (Optional)]"
Government,Business Development Manager,Manufacturing,"Subject: A innovative Data Scientist's Perspective on Government's Manufacturing Leadership

Hello Jane,

I'm writing to you today as a innovative Data Scientist who deeply admires Government's pioneering spirit in the Manufacturing landscape. Your commitment to [Company Value/Mission] truly resonates with my professional ethos, and I've been particularly impressed by [Specific Company Initiative/Product].

Throughout my career, I've honed my expertise in [Core Competency 1] and [Core Competency 2], consistently striving to [Professional Goal/Impact]. A notable achievement includes [Detailed Achievement Example], where I was responsible for [Specific Actions Taken] and achieved [Measurable Outcome]. This experience has equipped me with a robust understanding of [Relevant Industry Trend/Challenge] and how to navigate it effectively.

I envision myself contributing significantly to your team, particularly in the Business Development Manager capacity, by leveraging my abilities in [Skill Set 1] and [Skill Set 2] to [Desired Contribution]. I am eager to apply my strategic thinking and hands-on experience to help Government further solidify its position as a leader in the Manufacturing market.

I understand your time is valuable, but I believe a brief conversation could highlight how my unique skill set can add tangible value to your ongoing projects. Please let me know if you have any availability in the coming days.

Best regards,
[Your Name]
[Your Contact Information]"
Enterprise,Business Development Manager,Retail,"Subject: Exploring Synergies: creative UI/UX Designer Expertise for Enterprise in Retail

Dear Sarah,

I hope this email finds you well. My name is [Your Name], and I am a creative UI/UX Designer with a deep-seated passion for innovation within the Retail sector. I've been closely following Enterprise's remarkable advancements, particularly your recent work on [Specific Company Achievement/Project], which I found truly inspiring.

My background includes extensive experience in [Key Area of Expertise 1] and [Key Area of Expertise 2], where I've consistently delivered [Quantifiable Result 1] and [Quantifiable Result 2]. For instance, in my previous role at [Previous Company], I led a project that [Brief Project Description] resulting in a [Significant Impact, e.g., 25% increase in efficiency]. I believe this experience could be highly relevant to your team's objectives, especially as you continue to [Company's Current Goal/Challenge].

I am particularly interested in the Business Development Manager position at Enterprise because [Reason for Interest in Role/Company]. I am confident that my skills in [Relevant Skill 1] and [Relevant Skill 2], coupled with my proactive approach to problem-solving, would enable me to make immediate and meaningful contributions.

I would be grateful for the opportunity to discuss how my capabilities align with your strategic vision and contribute to your continued success. Would you be open to a brief virtual coffee chat sometime next week to explore potential synergies?

Thank you for your time and consideration.

Sincerely,
[Your Name]
[Your Title]
[Your LinkedIn Profile (Optional)]
[Your Website/Portfolio (Optional)]"
Government,Marketing Specialist,Manufacturing,"Subject: Innovative Solutions from a insightful Financial Analyst for Government in Manufacturing

Dear Matthew,

My name is [Your Name], and I am a insightful Financial Analyst specializing in developing innovative solutions within the dynamic Manufacturing sector. I've been following Government's trajectory with great interest, especially your recent success with [Specific Market Expansion/Product Launch].

My professional journey has provided me with a comprehensive skill set in [Technical Skill/Soft Skill 1] and [Technical Skill/Soft Skill 2]. I've had the privilege of working on projects that required [Specific Project Requirement], where I successfully [Action Taken] leading to [Positive Outcome]. This experience has instilled in me a strong capability for [Problem-Solving Approach] and [Strategic Thinking Trait].

I am particularly drawn to the Marketing Specialist at Government because of [Specific Aspect of Role/Company Culture]. I am confident that my ability to [Unique Selling Proposition] combined with my dedication to [Professional Value] would make me an invaluable asset to your team.

I am keen to explore how my expertise can support Government's continued growth and innovation. Would you be open to a brief discussion to delve deeper into how my background aligns with your needs?

Thank you for your consideration.

Sincerely,
[Your Name]
[Your Professional Affiliation (if any)]"
Healthcare,Operations Manager,AI,"Subject: Exploring Synergies: strategic Product Manager Expertise for Healthcare in AI

Dear Emily,

I hope this email finds you well. My name is [Your Name], and I am a strategic Product Manager with a deep-seated passion for innovation within the AI sector. I've been closely following Healthcare's remarkable advancements, particularly your recent work on [Specific Company Achievement/Project], which I found truly inspiring.

My background includes extensive experience in [Key Area of Expertise 1] and [Key Area of Expertise 2], where I've consistently delivered [Quantifiable Result 1] and [Quantifiable Result 2]. For instance, in my previous role at [Previous Company], I led a project that [Brief Project Description] resulting in a [Significant Impact, e.g., 25% increase in efficiency]. I believe this experience could be highly relevant to your team's objectives, especially as you continue to [Company's Current Goal/Challenge].

I am particularly interested in the Operations Manager position at Healthcare because [Reason for Interest in Role/Company]. I am confident that my skills in [Relevant Skill 1] and [Relevant Skill 2], coupled with my proactive approach to problem-solving, would enable me to make immediate and meaningful contributions.

I would be grateful for the opportunity to discuss how my capabilities align with your strategic vision and contribute to your continued success. Would you be open to a brief virtual coffee chat sometime next week to explore potential synergies?

Thank you for your time and consideration.

Sincerely,
[Your Name]
[Your Title]
[Your LinkedIn Profile (Optional)]
[Your Website/Portfolio (Optional)]"
Healthcare,Product Manager,Finance,"Subject: Innovative Solutions from a insightful Financial Analyst for Healthcare in Finance

Dear John,

My name is [Your Name], and I am a insightful Financial Analyst specializing in developing innovative solutions within the dynamic Finance sector. I've been following Healthcare's trajectory with great interest, especially your recent success with [Specific Market Expansion/Product Launch].

My professional journey has provided me with a comprehensive skill set in [Technical Skill/Soft Skill 1] and [Technical Skill/Soft Skill 2]. I've had the privilege of working on projects that required [Specific Project Requirement], where I successfully [Action Taken] leading to [Positive Outcome]. This experience has instilled in me a strong capability for [Problem-Solving Approach] and [Strategic Thinking Trait].

I am particularly drawn to the Product Manager at Healthcare because of [Specific Aspect of Role/Company Culture]. I am confident that my ability to [Unique Selling Proposition] combined with my dedication to [Professional Value] would make me an invaluable asset to your team.

I am keen to explore how my expertise can support Healthcare's continued growth and innovation. Would you be open to a brief discussion to delve deeper into how my background aligns with your needs?

Thank you for your consideration.

Sincerely,
[Your Name]
[Your Professional Affiliation (if any)]"
